asset,market_slug,polymarket_url,real result,side,filled_shares,avg_fill_price,event_start_time,event_end_time,pnl,,,,,,,,,,,,,,
XRP,xrp-updown-15m-1767944700,https://polymarket.com/event/xrp-updown-15m-1767944700,DOWN,DOWN,30,0.46,2026-01-09T07:45:00+00:00,2026-01-09T08:00:00+00:00,16.2,,,,,,,,,,,,,,
XRP,xrp-updown-15m-1767945600,https://polymarket.com/event/xrp-updown-15m-1767945600,down,DOWN,30,0.48,2026-01-09T08:00:00+00:00,2026-01-09T08:15:00+00:00,-14.399.999.999.999.900,,,,,,,,,,,,,,
XRP,xrp-updown-15m-1767955500,https://polymarket.com/event/xrp-updown-15m-1767955500,down,DOWN,30,4.800.000.106.683.760,2026-01-09T10:45:00+00:00,2026-01-09T11:00:00+00:00,-14.400.000.320.051.300,,,,,,,,,,,,,,
XRP,xrp-updown-15m-1767959100,https://polymarket.com/event/xrp-updown-15m-1767959100,down,DOWN,30,4.799.999.999.999.990,2026-01-09T11:45:00+00:00,2026-01-09T12:00:00+00:00,-14.399.999.999.999.900,,,,,,,,,,,,,,
XRP,xrp-updown-15m-1767967200,https://polymarket.com/event/xrp-updown-15m-1767967200,down,DOWN,30,4.799.999.999.999.990,2026-01-09T14:00:00+00:00,2026-01-09T14:15:00+00:00,15.600.000.000.000.000,,,,,,,,,,,,,,
XRP,xrp-updown-15m-1767972600,https://polymarket.com/event/xrp-updown-15m-1767972600,down,DOWN,30,48.000.000.266.673.500,2026-01-09T15:30:00+00:00,2026-01-09T15:45:00+00:00,1.559.999.991.999.790,,,,,,,,,,,,,,
XRP,xrp-updown-15m-1767987900,https://polymarket.com/event/xrp-updown-15m-1767987900,down,DOWN,30,4.799.999.999.999.990,2026-01-09T19:45:00+00:00,2026-01-09T20:00:00+00:00,-14.399.999.999.999.900,,,,,,,,,,,,,,
XRP,xrp-updown-15m-1767994200,https://polymarket.com/event/xrp-updown-15m-1767994200,Down,DOWN,30,4.799.999.999.999.990,2026-01-09T21:30:00+00:00,2026-01-09T21:45:00+00:00,-14.399.999.999.999.900,,,,,,,,,,,,,,
XRP,xrp-updown-15m-1768009500,https://polymarket.com/event/xrp-updown-15m-1768009500,down,DOWN,35,48.000.000.457.203.100,2026-01-10T01:45:00+00:00,2026-01-10T02:00:00+00:00,-1.680.000.016.002.110,,,,,,,,,,,,,,
XRP,xrp-updown-15m-1768025700,https://polymarket.com/event/xrp-updown-15m-1768025700,Down,DOWN,16,0.48,2026-01-10T06:15:00+00:00,2026-01-10T06:30:00+00:00,8.32,,,,,,,,,,,,,,
XRP,xrp-updown-15m-1768044600,https://polymarket.com/event/xrp-updown-15m-1768044600,down,DOWN,35,48.000.000.000.000.000,2026-01-10T11:30:00+00:00,2026-01-10T11:45:00+00:00,18.2,,,,,,,,,,,,,,
XRP,xrp-updown-15m-1768049100,https://polymarket.com/event/xrp-updown-15m-1768049100,down,DOWN,35,0.48,2026-01-10T12:45:00+00:00,2026-01-10T13:00:00+00:00,18.2,,,,,,,,,,,,,,
XRP,xrp-updown-15m-1768050900,https://polymarket.com/event/xrp-updown-15m-1768050900,down,DOWN,34,0.46,2026-01-10T13:15:00+00:00,2026-01-10T13:30:00+00:00,,,,,,,,,,,,,,,
XRP,xrp-updown-15m-1767879900,https://polymarket.com/event/xrp-updown-15m-1767879900,down,DOWN,20,0.48,2026-01-08T13:45:00+00:00,2026-01-08T14:00:00+00:00,-9.6,,,,,,,,,,,,,,
XRP,xrp-updown-15m-1767886200,https://polymarket.com/event/xrp-updown-15m-1767886200,down,DOWN,20,0.48,2026-01-08T15:30:00+00:00,2026-01-08T15:45:00+00:00,-9.6,,,,,,,,,,,,,,
XRP,xrp-updown-15m-1767899700,https://polymarket.com/event/xrp-updown-15m-1767899700,down,DOWN,30,0.48,2026-01-08T19:15:00+00:00,2026-01-08T19:30:00+00:00,-14.399.999.999.999.900,,,,,,,,,,,,,,
XRP,xrp-updown-15m-1767902400,https://polymarket.com/event/xrp-updown-15m-1767902400,down,DOWN,30,0.48,2026-01-08T20:00:00+00:00,2026-01-08T20:15:00+00:00,15.600.000.000.000.000,,,,,,,,,,,,,,
XRP,xrp-updown-15m-1767903300,https://polymarket.com/event/xrp-updown-15m-1767903300,down,DOWN,30,0.48,2026-01-08T20:15:00+00:00,2026-01-08T20:30:00+00:00,-14.399.999.999.999.900,,,,,,,,,,,,,,
XRP,xrp-updown-15m-1767906900,https://polymarket.com/event/xrp-updown-15m-1767906900,down,DOWN,30,0.48,2026-01-08T21:15:00+00:00,2026-01-08T21:30:00+00:00,-14.399.999.999.999.900,,,,,,,,,,,,,,
XRP,xrp-updown-15m-1767913200,https://polymarket.com/event/xrp-updown-15m-1767913200,down,DOWN,30,0.48,2026-01-08T23:00:00+00:00,2026-01-08T23:15:00+00:00,-14.399.999.999.999.900,,,,,,,,,,,,,,
XRP,xrp-updown-15m-1767931200,https://polymarket.com/event/xrp-updown-15m-1767931200,down,DOWN,30,0.48,2026-01-09T04:00:00+00:00,2026-01-09T04:15:00+00:00,-14.399.999.999.999.900,,,,,,,,,,,,,,
XRP,xrp-updown-15m-1767938400,https://polymarket.com/event/xrp-updown-15m-1767938400,down,DOWN,6,0.48,2026-01-09T06:00:00+00:00,2026-01-09T06:15:00+00:00,3.12,,,,,,,,,,,,,,
XRP,xrp-updown-15m-1767805200,https://polymarket.com/event/xrp-updown-15m-1767805200,down,DOWN,10,0.48,2026-01-07T17:00:00+00:00,2026-01-07T17:15:00+00:00,5.2,,,,,,,,,,,,,,
XRP,xrp-updown-15m-1767816000,https://polymarket.com/event/xrp-updown-15m-1767816000,down,DOWN,10,0.48,2026-01-07T20:00:00+00:00,2026-01-07T20:15:00+00:00,5.2,,,,,,,,,,,,,,
XRP,xrp-updown-15m-1767816900,https://polymarket.com/event/xrp-updown-15m-1767816900,down,DOWN,10,0.48,2026-01-07T20:15:00+00:00,2026-01-07T20:30:00+00:00,5.2,,,,,,,,,,,,,,
XRP,xrp-updown-15m-1767825900,https://polymarket.com/event/xrp-updown-15m-1767825900,down,DOWN,10,0.48,2026-01-07T22:45:00+00:00,2026-01-07T23:00:00+00:00,5.2,,,,,,,,,,,,,,
XRP,xrp-updown-15m-1767836700,https://polymarket.com/event/xrp-updown-15m-1767836700,down,DOWN,10,0.48,2026-01-08T01:45:00+00:00,2026-01-08T02:00:00+00:00,5.2,,,,,,,,,,,,,,
XRP,xrp-updown-15m-1767847500,https://polymarket.com/event/xrp-updown-15m-1767847500,down,DOWN,10,0.48,2026-01-08T04:45:00+00:00,2026-01-08T05:00:00+00:00,-4.8,,,,,,,,,,,,,,
XRP,xrp-updown-15m-1767850200,https://polymarket.com/event/xrp-updown-15m-1767850200,down,DOWN,10,0.48,2026-01-08T05:30:00+00:00,2026-01-08T05:45:00+00:00,-4.8,,,,,,,,,,,,,,
XRP,xrp-updown-15m-1767851100,https://polymarket.com/event/xrp-updown-15m-1767851100,down,DOWN,10,0.48,2026-01-08T05:45:00+00:00,2026-01-08T06:00:00+00:00,5.2,,,,,,,,,,,,,,
XRP,xrp-updown-15m-1767852900,https://polymarket.com/event/xrp-updown-15m-1767852900,down,DOWN,10,0.48,2026-01-08T06:15:00+00:00,2026-01-08T06:30:00+00:00,5.2,,,,,,,,,,,,,,
XRP,xrp-updown-15m-1767864600,https://polymarket.com/event/xrp-updown-15m-1767864600,down,DOWN,10,0.48,2026-01-08T09:30:00+00:00,2026-01-08T09:45:00+00:00,-4.8,,,,,,,,,,,,,,
XRP,xrp-updown-15m-1767865500,https://polymarket.com/event/xrp-updown-15m-1767865500,down,DOWN,10,0.48,2026-01-08T09:45:00+00:00,2026-01-08T10:00:00+00:00,5.2,,,,,,,,,,,,,,
XRP,xrp-updown-15m-1767866400,https://polymarket.com/event/xrp-updown-15m-1767866400,down,DOWN,10,0.48,2026-01-08T10:00:00+00:00,2026-01-08T10:15:00+00:00,-4.8,,,,,,,,,,,,,,
XRP,xrp-updown-15m-1767870000,https://polymarket.com/event/xrp-updown-15m-1767870000,down,DOWN,10,0.48,2026-01-08T11:00:00+00:00,2026-01-08T11:15:00+00:00,5.2,,,,,,,,,,,,,,
SOL,sol-updown-15m-1768003200,https://polymarket.com/event/sol-updown-15m-1768003200,DOWN,DOWN,30,480.000.022.673.065,2026-01-10T00:00:00+00:00,2026-01-10T00:15:00+00:00,15.599.999.319.808.000,,,,,,,,,,,,,,
SOL,sol-updown-15m-1768005900,https://polymarket.com/event/sol-updown-15m-1768005900,Down,DOWN,35,4.800.000.058.757.060,2026-01-10T00:45:00+00:00,2026-01-10T01:00:00+00:00,18.199.999.794.350.200,,,,,,,,,,,,,,
SOL,sol-updown-15m-1768023900,https://polymarket.com/event/sol-updown-15m-1768023900,down,DOWN,35,48.000.000.000.000.000,2026-01-10T05:45:00+00:00,2026-01-10T06:00:00+00:00,18.2,,,,,,,,,,,,,,
SOL,sol-updown-15m-1768030200,https://polymarket.com/event/sol-updown-15m-1768030200,down,DOWN,35,4.799.999.999.999.990,2026-01-10T07:30:00+00:00,2026-01-10T07:45:00+00:00,18.200.000.000.000.000,,,,,,,,,,,,,,
SOL,sol-updown-15m-1768050000,https://polymarket.com/event/sol-updown-15m-1768050000,down,DOWN,35,4.799.999.999.999.990,2026-01-10T13:00:00+00:00,2026-01-10T13:15:00+00:00,18.2,,,,,,,,,,,,,,
XRP,xrp-updown-15m-1767800700,https://polymarket.com/event/xrp-updown-15m-1767800700,down,DOWN,10,0.48,2026-01-07T15:45:00+00:00,2026-01-07T16:00:00+00:00,5.2,,,,,,,,,,,,,,
SOL,sol-updown-15m-1767947400,https://polymarket.com/event/sol-updown-15m-1767947400,down,DOWN,30,0.48,2026-01-09T08:30:00+00:00,2026-01-09T08:45:00+00:00,15.600.000.000.000.000,,,,,,,,,,,,,,
SOL,sol-updown-15m-1767954600,https://polymarket.com/event/sol-updown-15m-1767954600,down,DOWN,30,4.799.999.999.999.990,2026-01-09T10:30:00+00:00,2026-01-09T10:45:00+00:00,15.600.000.000.000.000,,,,,,,,,,,,,,
SOL,sol-updown-15m-1767960000,https://polymarket.com/event/sol-updown-15m-1767960000,down,DOWN,30,48.000.000.000.000.000,2026-01-09T12:00:00+00:00,2026-01-09T12:15:00+00:00,15.6,,,,,,,,,,,,,,
SOL,sol-updown-15m-1767975300,https://polymarket.com/event/sol-updown-15m-1767975300,Down,DOWN,30,4.799.999.999.999.990,2026-01-09T16:15:00+00:00,2026-01-09T16:30:00+00:00,15.600.000.000.000.000,,,,,,,,,,,,,,
SOL,sol-updown-15m-1767982500,https://polymarket.com/event/sol-updown-15m-1767982500,down,DOWN,30,48.000.001.200.369.300,2026-01-09T18:15:00+00:00,2026-01-09T18:30:00+00:00,15.599.999.639.889.100,,,,,,,,,,,,,,
SOL,sol-updown-15m-1767995100,https://polymarket.com/event/sol-updown-15m-1767995100,down,DOWN,30,48.000.000.266.673.500,2026-01-09T21:45:00+00:00,2026-01-09T22:00:00+00:00,-14.400.000.080.002.000,,,,,,,,,,,,,,
SOL,sol-updown-15m-1767999600,https://polymarket.com/event/sol-updown-15m-1767999600,down,DOWN,30,4.799.999.999.999.990,2026-01-09T23:00:00+00:00,2026-01-09T23:15:00+00:00,15.600.000.000.000.000,,,,,,,,,,,,,,
SOL,sol-updown-15m-1768002300,https://polymarket.com/event/sol-updown-15m-1768002300,down,DOWN,30,4.799.999.999.999.990,2026-01-09T23:45:00+00:00,2026-01-10T00:00:00+00:00,15.600.000.000.000.000,,,,,,,,,,,,,,
SOL,sol-updown-15m-1767910500,https://polymarket.com/event/sol-updown-15m-1767910500,Down,DOWN,30,0.48,2026-01-08T22:15:00+00:00,2026-01-08T22:30:00+00:00,15.600.000.000.000.000,,,,,,,,,,,,,,
SOL,sol-updown-15m-1767913200,https://polymarket.com/event/sol-updown-15m-1767913200,Down,DOWN,30,0.48,2026-01-08T23:00:00+00:00,2026-01-08T23:15:00+00:00,15.600.000.000.000.000,,,,,,,,,,,,,,
SOL,sol-updown-15m-1767920400,https://polymarket.com/event/sol-updown-15m-1767920400,Down,DOWN,30,0.48,2026-01-09T01:00:00+00:00,2026-01-09T01:15:00+00:00,15.600.000.000.000.000,,,,,,,,,,,,,,
SOL,sol-updown-15m-1767922200,https://polymarket.com/event/sol-updown-15m-1767922200,Down,DOWN,30,0.48,2026-01-09T01:30:00+00:00,2026-01-09T01:45:00+00:00,15.600.000.000.000.000,,,,,,,,,,,,,,
SOL,sol-updown-15m-1767936600,https://polymarket.com/event/sol-updown-15m-1767936600,Down,DOWN,30,0.48,2026-01-09T05:30:00+00:00,2026-01-09T05:45:00+00:00,15.600.000.000.000.000,,,,,,,,,,,,,,
SOL,sol-updown-15m-1767939300,https://polymarket.com/event/sol-updown-15m-1767939300,Down,DOWN,30,0.48,2026-01-09T06:15:00+00:00,2026-01-09T06:30:00+00:00,15.600.000.000.000.000,,,,,,,,,,,,,,
SOL,sol-updown-15m-1767863700,https://polymarket.com/event/sol-updown-15m-1767863700,Down,DOWN,10,0.48,2026-01-08T09:15:00+00:00,2026-01-08T09:30:00+00:00,5.2,,,,,,,,,,,,,,
SOL,sol-updown-15m-1767870000,https://polymarket.com/event/sol-updown-15m-1767870000,Down,DOWN,10,0.48,2026-01-08T11:00:00+00:00,2026-01-08T11:15:00+00:00,5.2,,,,,,,,,,,,,,
SOL,sol-updown-15m-1767871800,https://polymarket.com/event/sol-updown-15m-1767871800,Down,DOWN,10,0.48,2026-01-08T11:30:00+00:00,2026-01-08T11:45:00+00:00,5.2,,,,,,,,,,,,,,
SOL,sol-updown-15m-1767875400,https://polymarket.com/event/sol-updown-15m-1767875400,Down,DOWN,20,0.48,2026-01-08T12:30:00+00:00,2026-01-08T12:45:00+00:00,10.4,,,,,,,,,,,,,,
SOL,sol-updown-15m-1767881700,https://polymarket.com/event/sol-updown-15m-1767881700,Down,DOWN,20,0.48,2026-01-08T14:15:00+00:00,2026-01-08T14:30:00+00:00,10.4,,,,,,,,,,,,,,
SOL,sol-updown-15m-1767891600,https://polymarket.com/event/sol-updown-15m-1767891600,Down,DOWN,20,0.48,2026-01-08T17:00:00+00:00,2026-01-08T17:15:00+00:00,10.4,,,,,,,,,,,,,,
SOL,sol-updown-15m-1767892500,https://polymarket.com/event/sol-updown-15m-1767892500,Down,DOWN,20,0.48,2026-01-08T17:15:00+00:00,2026-01-08T17:30:00+00:00,10.4,,,,,,,,,,,,,,
SOL,sol-updown-15m-1767895200,https://polymarket.com/event/sol-updown-15m-1767895200,Down,DOWN,30,0.48,2026-01-08T18:00:00+00:00,2026-01-08T18:15:00+00:00,15.600.000.000.000.000,,,,,,,,,,,,,,
SOL,sol-updown-15m-1767897900,https://polymarket.com/event/sol-updown-15m-1767897900,Down,DOWN,30,0.48,2026-01-08T18:45:00+00:00,2026-01-08T19:00:00+00:00,15.600.000.000.000.000,,,,,,,,,,,,,,
SOL,sol-updown-15m-1767898800,https://polymarket.com/event/sol-updown-15m-1767898800,Down,DOWN,30,0.48,2026-01-08T19:00:00+00:00,2026-01-08T19:15:00+00:00,15.600.000.000.000.000,,,,,,,,,,,,,,
SOL,sol-updown-15m-1767901500,https://polymarket.com/event/sol-updown-15m-1767901500,Down,DOWN,30,0.48,2026-01-08T19:45:00+00:00,2026-01-08T20:00:00+00:00,15.600.000.000.000.000,,,,,,,,,,,,,,
SOL,sol-updown-15m-1767902400,https://polymarket.com/event/sol-updown-15m-1767902400,Down,DOWN,28,0.48,2026-01-08T20:00:00+00:00,2026-01-08T20:15:00+00:00,14.56,,,,,,,,,,,,,,
SOL,sol-updown-15m-1767902400,https://polymarket.com/event/sol-updown-15m-1767902400,Down,DOWN,30,0.48,2026-01-08T20:00:00+00:00,2026-01-08T20:15:00+00:00,15.600.000.000.000.000,,,,,,,,,,,,,,
SOL,sol-updown-15m-1767811500,https://polymarket.com/event/sol-updown-15m-1767811500,Down,DOWN,10,0.48,2026-01-07T18:45:00+00:00,2026-01-07T19:00:00+00:00,5.2,,,,,,,,,,,,,,
SOL,sol-updown-15m-1767816900,https://polymarket.com/event/sol-updown-15m-1767816900,Down,DOWN,10,0.48,2026-01-07T20:15:00+00:00,2026-01-07T20:30:00+00:00,5.2,,,,,,,,,,,,,,
SOL,sol-updown-15m-1767828600,https://polymarket.com/event/sol-updown-15m-1767828600,Down,DOWN,10,0.48,2026-01-07T23:30:00+00:00,2026-01-07T23:45:00+00:00,5.2,,,,,,,,,,,,,,
SOL,sol-updown-15m-1767836700,https://polymarket.com/event/sol-updown-15m-1767836700,Down,DOWN,10,0.48,2026-01-08T01:45:00+00:00,2026-01-08T02:00:00+00:00,5.2,,,,,,,,,,,,,,
SOL,sol-updown-15m-1767842100,https://polymarket.com/event/sol-updown-15m-1767842100,Down,DOWN,10,0.48,2026-01-08T03:15:00+00:00,2026-01-08T03:30:00+00:00,5.2,,,,,,,,,,,,,,
SOL,sol-updown-15m-1767849300,https://polymarket.com/event/sol-updown-15m-1767849300,Down,DOWN,10,0.48,2026-01-08T05:15:00+00:00,2026-01-08T05:30:00+00:00,5.2,,,,,,,,,,,,,,
SOL,sol-updown-15m-1767850200,https://polymarket.com/event/sol-updown-15m-1767850200,Down,DOWN,10,0.48,2026-01-08T05:30:00+00:00,2026-01-08T05:45:00+00:00,5.2,,,,,,,,,,,,,,
SOL,sol-updown-15m-1767851100,https://polymarket.com/event/sol-updown-15m-1767851100,Down,DOWN,10,0.48,2026-01-08T05:45:00+00:00,2026-01-08T06:00:00+00:00,5.2,,,,,,,,,,,,,,
SOL,sol-updown-15m-1767852900,https://polymarket.com/event/sol-updown-15m-1767852900,Down,DOWN,10,0.48,2026-01-08T06:15:00+00:00,2026-01-08T06:30:00+00:00,5.2,,,,,,,,,,,,,,
SOL,sol-updown-15m-1768044600,https://polymarket.com/event/sol-updown-15m-1768044600,Down,DOWN,35,48.000.000.000.000.000,2026-01-10T11:30:00+00:00,2026-01-10T11:45:00+00:00,18.2,,,,,,,,,,,,,,
SOL,sol-updown-15m-1767933000,https://polymarket.com/event/sol-updown-15m-1767933000,Down,DOWN,30,0.48,2026-01-09T04:30:00+00:00,2026-01-09T04:45:00+00:00,15.600.000.000.000.000,,,,,,,,,,,,,,
SOL,sol-updown-15m-1767978000,https://polymarket.com/event/sol-updown-15m-1767978000,Down,DOWN,30,4.799.999.999.999.990,2026-01-09T17:00:00+00:00,2026-01-09T17:15:00+00:00,15.600.000.000.000.000,,,,,,,,,,,,,,
SOL,sol-updown-15m-1767986100,https://polymarket.com/event/sol-updown-15m-1767986100,Down,DOWN,30,0.48,2026-01-09T19:15:00+00:00,2026-01-09T19:30:00+00:00,15.600.000.000.000.000,,,,,,,,,,,,,,
SOL,sol-updown-15m-1767943800,https://polymarket.com/event/sol-updown-15m-1767943800,Down,DOWN,30,0.48,2026-01-09T07:30:00+00:00,2026-01-09T07:45:00+00:00,15.600.000.000.000.000,,,,,,,,,,,,,,
SOL,sol-updown-15m-1767988800,https://polymarket.com/event/sol-updown-15m-1767988800,Down,DOWN,30,4.799.999.999.999.990,2026-01-09T20:00:00+00:00,2026-01-09T20:15:00+00:00,15.600.000.000.000.000,,,,,,,,,,,,,,
SOL,sol-updown-15m-1767861900,https://polymarket.com/event/sol-updown-15m-1767861900,Down,DOWN,10,0.48,2026-01-08T08:45:00+00:00,2026-01-08T09:00:00+00:00,5.2,,,,,,,,,,,,,,
SOL,sol-updown-15m-1767899700,https://polymarket.com/event/sol-updown-15m-1767899700,Down,DOWN,30,0.48,2026-01-08T19:15:00+00:00,2026-01-08T19:30:00+00:00,15.600.000.000.000.000,,,,,,,,,,,,,,
SOL,sol-updown-15m-1767911400,https://polymarket.com/event/sol-updown-15m-1767911400,Down,DOWN,30,0.48,2026-01-08T22:30:00+00:00,2026-01-08T22:45:00+00:00,15.600.000.000.000.000,,,,,,,,,,,,,,
SOL,sol-updown-15m-1767958200,https://polymarket.com/event/sol-updown-15m-1767958200,Down,DOWN,30,4.799.999.999.999.990,2026-01-09T11:30:00+00:00,2026-01-09T11:45:00+00:00,15.600.000.000.000.000,,,,,,,,,,,,,,
SOL,sol-updown-15m-1767990600,https://polymarket.com/event/sol-updown-15m-1767990600,Down,DOWN,30,4.799.999.999.999.990,2026-01-09T20:30:00+00:00,2026-01-09T20:45:00+00:00,15.600.000.000.000.000,,,,,,,,,,,,,,
SOL,sol-updown-15m-1768045500,https://polymarket.com/event/sol-updown-15m-1768045500,Down,DOWN,35,48.000.000.000.000.000,2026-01-10T11:45:00+00:00,2026-01-10T12:00:00+00:00,18.2,,,,,,,,,,,,,,
SOL,sol-updown-15m-1767839400,https://polymarket.com/event/sol-updown-15m-1767839400,Down,DOWN,10,0.48,2026-01-08T02:30:00+00:00,2026-01-08T02:45:00+00:00,5.2,,,,,,,,,,,,,,
SOL,sol-updown-15m-1767854700,https://polymarket.com/event/sol-updown-15m-1767854700,Down,DOWN,10,0.48,2026-01-08T06:45:00+00:00,2026-01-08T07:00:00+00:00,5.2,,,,,,,,,,,,,,
SOL,sol-updown-15m-1767926700,https://polymarket.com/event/sol-updown-15m-1767926700,Down,DOWN,30,0.48,2026-01-09T02:45:00+00:00,2026-01-09T03:00:00+00:00,15.600.000.000.000.000,,,,,,,,,,,,,,
SOL,sol-updown-15m-1767979800,https://polymarket.com/event/sol-updown-15m-1767979800,Down,DOWN,30,47.999.999.999.999.900,2026-01-09T17:30:00+00:00,2026-01-09T17:45:00+00:00,15.600.000.000.000.000,,,,,,,,,,,,,,
SOL,sol-updown-15m-1768001400,https://polymarket.com/event/sol-updown-15m-1768001400,Down,DOWN,30,48.000.002.134.154.400,2026-01-09T23:30:00+00:00,2026-01-09T23:45:00+00:00,15.599.999.359.753.600,,,,,,,,,,,,,,
SOL,sol-updown-15m-1768015800,https://polymarket.com/event/sol-updown-15m-1768015800,Down,DOWN,35,48.000.000.000.000.000,2026-01-10T03:30:00+00:00,2026-01-10T03:45:00+00:00,18.2,,,,,,,,,,,,,,
SOL,sol-updown-15m-1768029300,https://polymarket.com/event/sol-updown-15m-1768029300,Down,DOWN,35,48.000.000.000.000.000,2026-01-10T07:15:00+00:00,2026-01-10T07:30:00+00:00,18.2,,,,,,,,,,,,,,
SOL,sol-updown-15m-1767816000,https://polymarket.com/event/sol-updown-15m-1767816000,Down,DOWN,10,0.48,2026-01-07T20:00:00+00:00,2026-01-07T20:15:00+00:00,5.2,,,,,,,,,,,,,,
SOL,sol-updown-15m-1767870900,https://polymarket.com/event/sol-updown-15m-1767870900,Down,DOWN,10,0.48,2026-01-08T11:15:00+00:00,2026-01-08T11:30:00+00:00,5.2,,,,,,,,,,,,,,
SOL,sol-updown-15m-1767877200,https://polymarket.com/event/sol-updown-15m-1767877200,Down,DOWN,20,0.48,2026-01-08T13:00:00+00:00,2026-01-08T13:15:00+00:00,-9.6,,,,,,,,,,,,,,
SOL,sol-updown-15m-1767917700,https://polymarket.com/event/sol-updown-15m-1767917700,Down,DOWN,30,0.48,2026-01-09T00:15:00+00:00,2026-01-09T00:30:00+00:00,15.600.000.000.000.000,,,,,,,,,,,,,,
SOL,sol-updown-15m-1767924900,https://polymarket.com/event/sol-updown-15m-1767924900,Down,DOWN,30,0.48,2026-01-09T02:15:00+00:00,2026-01-09T02:30:00+00:00,15.600.000.000.000.000,,,,,,,,,,,,,,
SOL,sol-updown-15m-1767925800,https://polymarket.com/event/sol-updown-15m-1767925800,Down,DOWN,30,0.48,2026-01-09T02:30:00+00:00,2026-01-09T02:45:00+00:00,15.600.000.000.000.000,,,,,,,,,,,,,,
SOL,sol-updown-15m-1767945600,https://polymarket.com/event/sol-updown-15m-1767945600,Down,DOWN,30,0.48,2026-01-09T08:00:00+00:00,2026-01-09T08:15:00+00:00,15.600.000.000.000.000,,,,,,,,,,,,,,
SOL,sol-updown-15m-1767956400,https://polymarket.com/event/sol-updown-15m-1767956400,Down,DOWN,30,4.799.999.999.999.990,2026-01-09T11:00:00+00:00,2026-01-09T11:15:00+00:00,15.600.000.000.000.000,,,,,,,,,,,,,,
SOL,sol-updown-15m-1767972600,https://polymarket.com/event/sol-updown-15m-1767972600,Down,DOWN,30,4.799.999.999.999.990,2026-01-09T15:30:00+00:00,2026-01-09T15:45:00+00:00,15.600.000.000.000.000,,,,,,,,,,,,,,
SOL,sol-updown-15m-1767996000,https://polymarket.com/event/sol-updown-15m-1767996000,Down,DOWN,30,4.800.000.200.030.800,2026-01-09T22:00:00+00:00,2026-01-09T22:15:00+00:00,15.599.999.399.907.500,,,,,,,,,,,,,,
SOL,sol-updown-15m-1767865500,https://polymarket.com/event/sol-updown-15m-1767865500,Down,DOWN,10,0.48,2026-01-08T09:45:00+00:00,2026-01-08T10:00:00+00:00,5.2,,,,,,,,,,,,,,
SOL,sol-updown-15m-1767880800,https://polymarket.com/event/sol-updown-15m-1767880800,Down,DOWN,20,0.48,2026-01-08T14:00:00+00:00,2026-01-08T14:15:00+00:00,10.4,,,,,,,,,,,,,,
SOL,sol-updown-15m-1767903300,https://polymarket.com/event/sol-updown-15m-1767903300,Down,DOWN,30,0.49,2026-01-08T20:15:00+00:00,2026-01-08T20:30:00+00:00,15.3,,,,,,,,,,,,,,
SOL,sol-updown-15m-1767973500,https://polymarket.com/event/sol-updown-15m-1767973500,Down,DOWN,30,48.000.001.467.061.600,2026-01-09T15:45:00+00:00,2026-01-09T16:00:00+00:00,15.599.999.559.881.400,,,,,,,,,,,,,,
SOL,sol-updown-15m-1768011300,https://polymarket.com/event/sol-updown-15m-1768011300,Down,DOWN,35,48.000.000.000.000.000,2026-01-10T02:15:00+00:00,2026-01-10T02:30:00+00:00,18.2,,,,,,,,,,,,,,
SOL,sol-updown-15m-1767808800,https://polymarket.com/event/sol-updown-15m-1767808800,Down,DOWN,10,0.48,2026-01-07T18:00:00+00:00,2026-01-07T18:15:00+00:00,5.2,,,,,,,,,,,,,,
SOL,sol-updown-15m-1767841200,https://polymarket.com/event/sol-updown-15m-1767841200,Down,DOWN,10,0.48,2026-01-08T03:00:00+00:00,2026-01-08T03:15:00+00:00,5.2,,,,,,,,,,,,,,
SOL,sol-updown-15m-1767847500,https://polymarket.com/event/sol-updown-15m-1767847500,Down,DOWN,10,0.48,2026-01-08T04:45:00+00:00,2026-01-08T05:00:00+00:00,5.2,,,,,,,,,,,,,,
SOL,sol-updown-15m-1767886200,https://polymarket.com/event/sol-updown-15m-1767886200,Down,DOWN,20,0.48,2026-01-08T15:30:00+00:00,2026-01-08T15:45:00+00:00,10.4,,,,,,,,,,,,,,
SOL,sol-updown-15m-1767938400,https://polymarket.com/event/sol-updown-15m-1767938400,Down,DOWN,30,0.48,2026-01-09T06:00:00+00:00,2026-01-09T06:15:00+00:00,15.600.000.000.000.000,,,,,,,,,,,,,,
SOL,sol-updown-15m-1767948300,https://polymarket.com/event/sol-updown-15m-1767948300,Down,DOWN,30,0.49,2026-01-09T08:45:00+00:00,2026-01-09T09:00:00+00:00,15.3,,,,,,,,,,,,,,
SOL,sol-updown-15m-1767969000,https://polymarket.com/event/sol-updown-15m-1767969000,Down,DOWN,30,48.000.001.200.169.300,2026-01-09T14:30:00+00:00,2026-01-09T14:45:00+00:00,15.599.999.639.949.200,,,,,,,,,,,,,,
SOL,sol-updown-15m-1767969900,https://polymarket.com/event/sol-updown-15m-1767969900,Down,DOWN,30,48.000.000.000.000.000,2026-01-09T14:45:00+00:00,2026-01-09T15:00:00+00:00,15.6,,,,,,,,,,,,,,
SOL,sol-updown-15m-1767969900,https://polymarket.com/event/sol-updown-15m-1767969900,Down,DOWN,30,48.000.000.000.000.000,2026-01-09T14:45:00+00:00,2026-01-09T15:00:00+00:00,15.6,,,,,,,,,,,,,,
SOL,sol-updown-15m-1767987000,https://polymarket.com/event/sol-updown-15m-1767987000,Down,DOWN,30,480.000.020.140.992,2026-01-09T19:30:00+00:00,2026-01-09T19:45:00+00:00,-1.440.000.060.422.970,,,,,,,,,,,,,,
SOL,sol-updown-15m-1767987900,https://polymarket.com/event/sol-updown-15m-1767987900,Down,DOWN,30,0.48,2026-01-09T19:45:00+00:00,2026-01-09T20:00:00+00:00,15.600.000.000.000.000,,,,,,,,,,,,,,
SOL,sol-updown-15m-1768035600,https://polymarket.com/event/sol-updown-15m-1768035600,Down,DOWN,35,48.000.000.000.000.000,2026-01-10T09:00:00+00:00,2026-01-10T09:15:00+00:00,18.2,,,,,,,,,,,,,,
SOL,sol-updown-15m-1768043700,https://polymarket.com/event/sol-updown-15m-1768043700,Down,DOWN,35,48.000.000.000.000.000,2026-01-10T11:15:00+00:00,2026-01-10T11:30:00+00:00,18.2,,,,,,,,,,,,,,
SOL,sol-updown-15m-1767830400,https://polymarket.com/event/sol-updown-15m-1767830400,Down,DOWN,10,0.48,2026-01-08T00:00:00+00:00,2026-01-08T00:15:00+00:00,5.2,,,,,,,,,,,,,,
SOL,sol-updown-15m-1767935700,https://polymarket.com/event/sol-updown-15m-1767935700,Down,DOWN,30,0.48,2026-01-09T05:15:00+00:00,2026-01-09T05:30:00+00:00,15.600.000.000.000.000,,,,,,,,,,,,,,
SOL,sol-updown-15m-1767994200,https://polymarket.com/event/sol-updown-15m-1767994200,Down,DOWN,30,4.799.999.999.999.990,2026-01-09T21:30:00+00:00,2026-01-09T21:45:00+00:00,15.600.000.000.000.000,,,,,,,,,,,,,,
SOL,sol-updown-15m-1768014000,https://polymarket.com/event/sol-updown-15m-1768014000,Down,DOWN,35,48.000.000.000.000.000,2026-01-10T03:00:00+00:00,2026-01-10T03:15:00+00:00,18.2,,,,,,,,,,,,,,
SOL,sol-updown-15m-1767852000,https://polymarket.com/event/sol-updown-15m-1767852000,Down,DOWN,10,0.48,2026-01-08T06:00:00+00:00,2026-01-08T06:15:00+00:00,5.2,,,,,,,,,,,,,,
SOL,sol-updown-15m-1767866400,https://polymarket.com/event/sol-updown-15m-1767866400,Down,DOWN,10,0.48,2026-01-08T10:00:00+00:00,2026-01-08T10:15:00+00:00,5.2,,,,,,,,,,,,,,
SOL,sol-updown-15m-1767873600,https://polymarket.com/event/sol-updown-15m-1767873600,Down,DOWN,10,0.48,2026-01-08T12:00:00+00:00,2026-01-08T12:15:00+00:00,5.2,,,,,,,,,,,,,,
SOL,sol-updown-15m-1767879000,https://polymarket.com/event/sol-updown-15m-1767879000,Down,DOWN,20,0.48,2026-01-08T13:30:00+00:00,2026-01-08T13:45:00+00:00,10.4,,,,,,,,,,,,,,
SOL,sol-updown-15m-1767882600,https://polymarket.com/event/sol-updown-15m-1767882600,Down,DOWN,20,0.48,2026-01-08T14:30:00+00:00,2026-01-08T14:45:00+00:00,10.4,,,,,,,,,,,,,,
SOL,sol-updown-15m-1767953700,https://polymarket.com/event/sol-updown-15m-1767953700,Down,DOWN,30,0.48,2026-01-09T10:15:00+00:00,2026-01-09T10:30:00+00:00,15.600.000.000.000.000,,,,,,,,,,,,,,
SOL,sol-updown-15m-1768032900,https://polymarket.com/event/sol-updown-15m-1768032900,Down,DOWN,35,48.000.000.000.000.000,2026-01-10T08:15:00+00:00,2026-01-10T08:30:00+00:00,18.2,,,,,,,,,,,,,,
SOL,sol-updown-15m-1767798900,https://polymarket.com/event/sol-updown-15m-1767798900,Down,DOWN,10,0.48,2026-01-07T15:15:00+00:00,2026-01-07T15:30:00+00:00,5.2,,,,,,,,,,,,,,
SOL,sol-updown-15m-1767799800,https://polymarket.com/event/sol-updown-15m-1767799800,Down,DOWN,20,0.48,2026-01-07T15:30:00+00:00,2026-01-07T15:45:00+00:00,10.4,,,,,,,,,,,,,,
SOL,sol-updown-15m-1767800700,https://polymarket.com/event/sol-updown-15m-1767800700,Down,DOWN,10,0.48,2026-01-07T15:45:00+00:00,2026-01-07T16:00:00+00:00,5.2,,,,,,,,,,,,,,
SOL,sol-updown-15m-1767802500,https://polymarket.com/event/sol-updown-15m-1767802500,Down,DOWN,10,0.48,2026-01-07T16:15:00+00:00,2026-01-07T16:30:00+00:00,5.2,,,,,,,,,,,,,,
SOL,sol-updown-15m-1767803400,https://polymarket.com/event/sol-updown-15m-1767803400,Down,DOWN,10,0.48,2026-01-07T16:30:00+00:00,2026-01-07T16:45:00+00:00,5.2,,,,,,,,,,,,,,
SOL,sol-updown-15m-1767804300,https://polymarket.com/event/sol-updown-15m-1767804300,Down,DOWN,10,0.48,2026-01-07T16:45:00+00:00,2026-01-07T17:00:00+00:00,5.2,,,,,,,,,,,,,,
SOL,sol-updown-15m-1767807000,https://polymarket.com/event/sol-updown-15m-1767807000,Down,DOWN,10,0.48,2026-01-07T17:30:00+00:00,2026-01-07T17:45:00+00:00,5.2,,,,,,,,,,,,,,
SOL,sol-updown-15m-1767807900,https://polymarket.com/event/sol-updown-15m-1767807900,Down,DOWN,10,0.48,2026-01-07T17:45:00+00:00,2026-01-07T18:00:00+00:00,5.2,,,,,,,,,,,,,,
SOL,sol-updown-15m-1767812400,https://polymarket.com/event/sol-updown-15m-1767812400,Down,DOWN,10,0.48,2026-01-07T19:00:00+00:00,2026-01-07T19:15:00+00:00,5.2,,,,,,,,,,,,,,
SOL,sol-updown-15m-1767821400,https://polymarket.com/event/sol-updown-15m-1767821400,Down,DOWN,10,0.48,2026-01-07T21:30:00+00:00,2026-01-07T21:45:00+00:00,5.2,,,,,,,,,,,,,,
SOL,sol-updown-15m-1767843000,https://polymarket.com/event/sol-updown-15m-1767843000,Down,DOWN,10,0.48,2026-01-08T03:30:00+00:00,2026-01-08T03:45:00+00:00,5.2,,,,,,,,,,,,,,
SOL,sol-updown-15m-1767843900,https://polymarket.com/event/sol-updown-15m-1767843900,Down,DOWN,10,0.48,2026-01-08T03:45:00+00:00,2026-01-08T04:00:00+00:00,5.2,,,,,,,,,,,,,,
SOL,sol-updown-15m-1767897000,https://polymarket.com/event/sol-updown-15m-1767897000,Down,DOWN,30,0.48,2026-01-08T18:30:00+00:00,2026-01-08T18:45:00+00:00,15.600.000.000.000.000,,,,,,,,,,,,,,
SOL,sol-updown-15m-1767906900,https://polymarket.com/event/sol-updown-15m-1767906900,Down,DOWN,30,0.48,2026-01-08T21:15:00+00:00,2026-01-08T21:30:00+00:00,15.600.000.000.000.000,,,,,,,,,,,,,,
SOL,sol-updown-15m-1767928500,https://polymarket.com/event/sol-updown-15m-1767928500,Down,DOWN,30,0.48,2026-01-09T03:15:00+00:00,2026-01-09T03:30:00+00:00,15.600.000.000.000.000,,,,,,,,,,,,,,
SOL,sol-updown-15m-1767931200,https://polymarket.com/event/sol-updown-15m-1767931200,Down,DOWN,30,0.48,2026-01-09T04:00:00+00:00,2026-01-09T04:15:00+00:00,15.600.000.000.000.000,,,,,,,,,,,,,,
SOL,sol-updown-15m-1767944700,https://polymarket.com/event/sol-updown-15m-1767944700,Down,DOWN,30,0.48,2026-01-09T07:45:00+00:00,2026-01-09T08:00:00+00:00,15.600.000.000.000.000,,,,,,,,,,,,,,
SOL,sol-updown-15m-1767946500,https://polymarket.com/event/sol-updown-15m-1767946500,Down,DOWN,30,0.48,2026-01-09T08:15:00+00:00,2026-01-09T08:30:00+00:00,15.600.000.000.000.000,,,,,,,,,,,,,,
SOL,sol-updown-15m-1767960900,https://polymarket.com/event/sol-updown-15m-1767960900,Down,DOWN,30,48.000.000.133.372.600,2026-01-09T12:15:00+00:00,2026-01-09T12:30:00+00:00,15.599.999.959.988.100,,,,,,,,,,,,,,
XRP,xrp-updown-15m-1767948300,https://polymarket.com/event/xrp-updown-15m-1767948300,Down,DOWN,30,0.46,2026-01-09T08:45:00+00:00,2026-01-09T09:00:00+00:00,16.2,,,,,,,,,,,,,,
XRP,xrp-updown-15m-1767966300,https://polymarket.com/event/xrp-updown-15m-1767966300,Down,DOWN,30,4.799.999.999.999.990,2026-01-09T13:45:00+00:00,2026-01-09T14:00:00+00:00,-14.399.999.999.999.900,,,,,,,,,,,,,,
XRP,xrp-updown-15m-1767984300,https://polymarket.com/event/xrp-updown-15m-1767984300,Down,DOWN,30,4.799.999.999.999.990,2026-01-09T18:45:00+00:00,2026-01-09T19:00:00+00:00,-14.399.999.999.999.900,,,,,,,,,,,,,,
XRP,xrp-updown-15m-1768004100,https://polymarket.com/event/xrp-updown-15m-1768004100,Down,DOWN,30,0.48,2026-01-10T00:15:00+00:00,2026-01-10T00:30:00+00:00,-14.399.999.999.999.900,,,,,,,,,,,,,,
XRP,xrp-updown-15m-1767896100,https://polymarket.com/event/xrp-updown-15m-1767896100,Down,DOWN,30,0.48,2026-01-08T18:15:00+00:00,2026-01-08T18:30:00+00:00,15.600.000.000.000.000,,,,,,,,,,,,,,
XRP,xrp-updown-15m-1767935700,https://polymarket.com/event/xrp-updown-15m-1767935700,Down,DOWN,30,0.48,2026-01-09T05:15:00+00:00,2026-01-09T05:30:00+00:00,-14.399.999.999.999.900,,,,,,,,,,,,,,
XRP,xrp-updown-15m-1768014000,https://polymarket.com/event/xrp-updown-15m-1768014000,Down,DOWN,35,4.800.000.106.841.210,2026-01-10T03:00:00+00:00,2026-01-10T03:15:00+00:00,-1.680.000.037.394.420,,,,,,,,,,,,,,
XRP,xrp-updown-15m-1767829500,https://polymarket.com/event/xrp-updown-15m-1767829500,Down,DOWN,10,0.48,2026-01-07T23:45:00+00:00,2026-01-08T00:00:00+00:00,5.2,,,,,,,,,,,,,,
XRP,xrp-updown-15m-1767879000,https://polymarket.com/event/xrp-updown-15m-1767879000,Down,DOWN,20,0.48,2026-01-08T13:30:00+00:00,2026-01-08T13:45:00+00:00,-9.6,,,,,,,,,,,,,,
XRP,xrp-updown-15m-1767997800,https://polymarket.com/event/xrp-updown-15m-1767997800,Down,DOWN,30,4.799.999.999.999.990,2026-01-09T22:30:00+00:00,2026-01-09T22:45:00+00:00,-14.399.999.999.999.900,,,,,,,,,,,,,,
XRP,xrp-updown-15m-1768017600,https://polymarket.com/event/xrp-updown-15m-1768017600,Down,DOWN,35,48.000.000.000.000.000,2026-01-10T04:00:00+00:00,2026-01-10T04:15:00+00:00,18.2,,,,,,,,,,,,,,
XRP,xrp-updown-15m-1767868200,https://polymarket.com/event/xrp-updown-15m-1767868200,Down,DOWN,10,0.48,2026-01-08T10:30:00+00:00,2026-01-08T10:45:00+00:00,-4.8,,,,,,,,,,,,,,
XRP,xrp-updown-15m-1768050000,https://polymarket.com/event/xrp-updown-15m-1768050000,Down,DOWN,35,48.000.000.000.000.000,2026-01-10T13:00:00+00:00,2026-01-10T13:15:00+00:00,18.2,,,,,,,,,,,,,,
XRP,xrp-updown-15m-1767861900,https://polymarket.com/event/xrp-updown-15m-1767861900,Down,DOWN,10,0.48,2026-01-08T08:45:00+00:00,2026-01-08T09:00:00+00:00,5.2,,,,,,,,,,,,,,
XRP,xrp-updown-15m-1767798900,https://polymarket.com/event/xrp-updown-15m-1767798900,Down,DOWN,10,0.48,2026-01-07T15:15:00+00:00,2026-01-07T15:30:00+00:00,5.2,,,,,,,,,,,,,,
XRP,xrp-updown-15m-1767831300,https://polymarket.com/event/xrp-updown-15m-1767831300,Down,DOWN,10,0.48,2026-01-08T00:15:00+00:00,2026-01-08T00:30:00+00:00,5.2,,,,,,,,,,,,,,
XRP,xrp-updown-15m-1767996000,https://polymarket.com/event/xrp-updown-15m-1767996000,Down,DOWN,30,4.799.999.999.999.990,2026-01-09T22:00:00+00:00,2026-01-09T22:15:00+00:00,-14.399.999.999.999.900,,,,,,,,,,,,,,
XRP,xrp-updown-15m-1767810600,https://polymarket.com/event/xrp-updown-15m-1767810600,Down,DOWN,10,0.48,2026-01-07T18:30:00+00:00,2026-01-07T18:45:00+00:00,5.2,,,,,,,,,,,,,,
XRP,xrp-updown-15m-1767839400,https://polymarket.com/event/xrp-updown-15m-1767839400,Down,DOWN,10,0.48,2026-01-08T02:30:00+00:00,2026-01-08T02:45:00+00:00,5.2,,,,,,,,,,,,,,
XRP,xrp-updown-15m-1767919500,https://polymarket.com/event/xrp-updown-15m-1767919500,Down,DOWN,30,0.48,2026-01-09T00:45:00+00:00,2026-01-09T01:00:00+00:00,-14.399.999.999.999.900,,,,,,,,,,,,,,
XRP,xrp-updown-15m-1768000500,https://polymarket.com/event/xrp-updown-15m-1768000500,Down,DOWN,30,4.799.999.999.999.990,2026-01-09T23:15:00+00:00,2026-01-09T23:30:00+00:00,-14.399.999.999.999.900,,,,,,,,,,,,,,
SOL,sol-updown-15m-1767961800,https://polymarket.com/event/sol-updown-15m-1767961800,Down,DOWN,30,4.799.999.999.999.990,2026-01-09T12:30:00+00:00,2026-01-09T12:45:00+00:00,15.600.000.000.000.000,,,,,,,,,,,,,,
SOL,sol-updown-15m-1767976200,https://polymarket.com/event/sol-updown-15m-1767976200,Down,DOWN,30,4.800.000.120.024.630,2026-01-09T16:30:00+00:00,2026-01-09T16:45:00+00:00,-14.400.000.360.073.800,,,,,,,,,,,,,,
SOL,sol-updown-15m-1767997800,https://polymarket.com/event/sol-updown-15m-1767997800,Down,DOWN,30,4.799.999.999.999.990,2026-01-09T22:30:00+00:00,2026-01-09T22:45:00+00:00,-14.399.999.999.999.900,,,,,,,,,,,,,,
SOL,sol-updown-15m-1768005000,https://polymarket.com/event/sol-updown-15m-1768005000,Down,DOWN,35,48.000.001.028.842.800,2026-01-10T00:30:00+00:00,2026-01-10T00:45:00+00:00,1.819.999.963.990.500,,,,,,,,,,,,,,
SOL,sol-updown-15m-1768017600,https://polymarket.com/event/sol-updown-15m-1768017600,Down,DOWN,35,48.000.000.000.000.000,2026-01-10T04:00:00+00:00,2026-01-10T04:15:00+00:00,18.2,,,,,,,,,,,,,,
SOL,sol-updown-15m-1768027500,https://polymarket.com/event/sol-updown-15m-1768027500,Down,DOWN,35,4.799.999.999.999.990,2026-01-10T06:45:00+00:00,2026-01-10T07:00:00+00:00,18.200.000.000.000.000,,,,,,,,,,,,,,
SOL,sol-updown-15m-1768033800,https://polymarket.com/event/sol-updown-15m-1768033800,Down,DOWN,35,48.000.000.000.000.000,2026-01-10T08:30:00+00:00,2026-01-10T08:45:00+00:00,-16.8,,,,,,,,,,,,,,
XRP,xrp-updown-15m-1767824100,https://polymarket.com/event/xrp-updown-15m-1767824100,Down,DOWN,10,0.48,2026-01-07T22:15:00+00:00,2026-01-07T22:30:00+00:00,-4.8,,,,,,,,,,,,,,
XRP,xrp-updown-15m-1767838500,https://polymarket.com/event/xrp-updown-15m-1767838500,Down,DOWN,10,0.48,2026-01-08T02:15:00+00:00,2026-01-08T02:30:00+00:00,5.2,,,,,,,,,,,,,,
XRP,xrp-updown-15m-1767911400,https://polymarket.com/event/xrp-updown-15m-1767911400,Down,DOWN,30,0.48,2026-01-08T22:30:00+00:00,2026-01-08T22:45:00+00:00,15.600.000.000.000.000,,,,,,,,,,,,,,
XRP,xrp-updown-15m-1767925800,https://polymarket.com/event/xrp-updown-15m-1767925800,Down,DOWN,30,0.48,2026-01-09T02:30:00+00:00,2026-01-09T02:45:00+00:00,15.600.000.000.000.000,,,,,,,,,,,,,,
XRP,xrp-updown-15m-1767926700,https://polymarket.com/event/xrp-updown-15m-1767926700,Down,DOWN,30,0.48,2026-01-09T02:45:00+00:00,2026-01-09T03:00:00+00:00,-14.399.999.999.999.900,,,,,,,,,,,,,,
XRP,xrp-updown-15m-1767956400,https://polymarket.com/event/xrp-updown-15m-1767956400,Down,DOWN,30,4.799.999.999.999.990,2026-01-09T11:00:00+00:00,2026-01-09T11:15:00+00:00,-14.399.999.999.999.900,,,,,,,,,,,,,,
XRP,xrp-updown-15m-1767958200,https://polymarket.com/event/xrp-updown-15m-1767958200,Down,DOWN,30,4.800.000.080.041.050,2026-01-09T11:30:00+00:00,2026-01-09T11:45:00+00:00,-14.400.000.240.123.100,,,,,,,,,,,,,,
XRP,xrp-updown-15m-1767960000,https://polymarket.com/event/xrp-updown-15m-1767960000,Down,DOWN,30,4.799.999.999.999.990,2026-01-09T12:00:00+00:00,2026-01-09T12:15:00+00:00,15.600.000.000.000.000,,,,,,,,,,,,,,
XRP,xrp-updown-15m-1767990600,https://polymarket.com/event/xrp-updown-15m-1767990600,Down,DOWN,30,0.48,2026-01-09T20:30:00+00:00,2026-01-09T20:45:00+00:00,15.600.000.000.000.000,,,,,,,,,,,,,,
XRP,xrp-updown-15m-1768006800,https://polymarket.com/event/xrp-updown-15m-1768006800,Down,DOWN,34,4.742.857.142.857.140,2026-01-10T01:00:00+00:00,2026-01-10T01:15:00+00:00,17.874.285.714.285.700,,,,,,,,,,,,,,
XRP,xrp-updown-15m-1768047300,https://polymarket.com/event/xrp-updown-15m-1768047300,Down,DOWN,35,48.000.000.000.000.000,2026-01-10T12:15:00+00:00,2026-01-10T12:30:00+00:00,-16.8,,,,,,,,,,,,,,
XRP,xrp-updown-15m-1767798000,https://polymarket.com/event/xrp-updown-15m-1767798000,Down,DOWN,10,0.48,2026-01-07T15:00:00+00:00,2026-01-07T15:15:00+00:00,5.2,,,,,,,,,,,,,,
XRP,xrp-updown-15m-1767854700,https://polymarket.com/event/xrp-updown-15m-1767854700,Down,DOWN,10,0.48,2026-01-08T06:45:00+00:00,2026-01-08T07:00:00+00:00,5.2,,,,,,,,,,,,,,
XRP,xrp-updown-15m-1767942900,https://polymarket.com/event/xrp-updown-15m-1767942900,Down,DOWN,30,0.48,2026-01-09T07:15:00+00:00,2026-01-09T07:30:00+00:00,15.600.000.000.000.000,,,,,,,,,,,,,,
XRP,xrp-updown-15m-1768015800,https://polymarket.com/event/xrp-updown-15m-1768015800,Down,DOWN,35,48.000.000.000.000.000,2026-01-10T03:30:00+00:00,2026-01-10T03:45:00+00:00,-16.8,,,,,,,,,,,,,,
XRP,xrp-updown-15m-1768023900,https://polymarket.com/event/xrp-updown-15m-1768023900,Down,DOWN,35,48.000.000.000.000.000,2026-01-10T05:45:00+00:00,2026-01-10T06:00:00+00:00,-16.8,,,,,,,,,,,,,,
XRP,xrp-updown-15m-1767981600,https://polymarket.com/event/xrp-updown-15m-1767981600,Down,DOWN,30,4.799.999.999.999.990,2026-01-09T18:00:00+00:00,2026-01-09T18:15:00+00:00,15.600.000.000.000.000,,,,,,,,,,,,,,
XRP,xrp-updown-15m-1767807000,https://polymarket.com/event/xrp-updown-15m-1767807000,Down,DOWN,10,0.48,2026-01-07T17:30:00+00:00,2026-01-07T17:45:00+00:00,5.2,,,,,,,,,,,,,,
XRP,xrp-updown-15m-1767807900,https://polymarket.com/event/xrp-updown-15m-1767807900,Down,DOWN,10,0.48,2026-01-07T17:45:00+00:00,2026-01-07T18:00:00+00:00,5.2,,,,,,,,,,,,,,
XRP,xrp-updown-15m-1767895200,https://polymarket.com/event/xrp-updown-15m-1767895200,Down,DOWN,30,0.48,2026-01-08T18:00:00+00:00,2026-01-08T18:15:00+00:00,15.600.000.000.000.000,,,,,,,,,,,,,,
XRP,xrp-updown-15m-1767920400,https://polymarket.com/event/xrp-updown-15m-1767920400,Down,DOWN,30,0.48,2026-01-09T01:00:00+00:00,2026-01-09T01:15:00+00:00,-14.399.999.999.999.900,,,,,,,,,,,,,,
XRP,xrp-updown-15m-1767933000,https://polymarket.com/event/xrp-updown-15m-1767933000,Down,DOWN,30,0.48,2026-01-09T04:30:00+00:00,2026-01-09T04:45:00+00:00,-14.399.999.999.999.900,,,,,,,,,,,,,,
XRP,xrp-updown-15m-1767933900,https://polymarket.com/event/xrp-updown-15m-1767933900,Down,DOWN,30,0.48,2026-01-09T04:45:00+00:00,2026-01-09T05:00:00+00:00,-14.399.999.999.999.900,,,,,,,,,,,,,,
XRP,xrp-updown-15m-1767961800,https://polymarket.com/event/xrp-updown-15m-1767961800,Down,DOWN,30,4.799.999.999.999.990,2026-01-09T12:30:00+00:00,2026-01-09T12:45:00+00:00,-14.399.999.999.999.900,,,,,,,,,,,,,,
XRP,xrp-updown-15m-1767973500,https://polymarket.com/event/xrp-updown-15m-1767973500,Down,DOWN,30,4.800.000.000.000.000,2026-01-09T15:45:00+00:00,2026-01-09T16:00:00+00:00,15.599.999.999.999.900,,,,,,,,,,,,,,
XRP,xrp-updown-15m-1767978000,https://polymarket.com/event/xrp-updown-15m-1767978000,Down,DOWN,30,4.799.999.999.999.990,2026-01-09T17:00:00+00:00,2026-01-09T17:15:00+00:00,15.600.000.000.000.000,,,,,,,,,,,,,,
XRP,xrp-updown-15m-1767999600,https://polymarket.com/event/xrp-updown-15m-1767999600,Down,DOWN,30,48.000.000.000.000.000,2026-01-09T23:00:00+00:00,2026-01-09T23:15:00+00:00,-14.4,,,,,,,,,,,,,,
XRP,xrp-updown-15m-1768020300,https://polymarket.com/event/xrp-updown-15m-1768020300,Down,DOWN,35,480.000.014.863.024,2026-01-10T04:45:00+00:00,2026-01-10T05:00:00+00:00,-16.800.000.520.205.800,,,,,,,,,,,,,,
XRP,xrp-updown-15m-1767797100,https://polymarket.com/event/xrp-updown-15m-1767797100,Down,DOWN,10,0.48,2026-01-07T14:45:00+00:00,2026-01-07T15:00:00+00:00,5.2,,,,,,,,,,,,,,
XRP,xrp-updown-15m-1767803400,https://polymarket.com/event/xrp-updown-15m-1767803400,Down,DOWN,10,0.48,2026-01-07T16:30:00+00:00,2026-01-07T16:45:00+00:00,5.2,,,,,,,,,,,,,,
XRP,xrp-updown-15m-1767804300,https://polymarket.com/event/xrp-updown-15m-1767804300,Down,DOWN,10,0.48,2026-01-07T16:45:00+00:00,2026-01-07T17:00:00+00:00,5.2,,,,,,,,,,,,,,
XRP,xrp-updown-15m-1767817800,https://polymarket.com/event/xrp-updown-15m-1767817800,Down,DOWN,10,0.48,2026-01-07T20:30:00+00:00,2026-01-07T20:45:00+00:00,5.2,,,,,,,,,,,,,,
XRP,xrp-updown-15m-1767828600,https://polymarket.com/event/xrp-updown-15m-1767828600,Down,DOWN,10,0.48,2026-01-07T23:30:00+00:00,2026-01-07T23:45:00+00:00,-4.8,,,,,,,,,,,,,,
XRP,xrp-updown-15m-1767842100,https://polymarket.com/event/xrp-updown-15m-1767842100,Down,DOWN,10,0.48,2026-01-08T03:15:00+00:00,2026-01-08T03:30:00+00:00,5.2,,,,,,,,,,,,,,
XRP,xrp-updown-15m-1767849300,https://polymarket.com/event/xrp-updown-15m-1767849300,Down,DOWN,10,0.48,2026-01-08T05:15:00+00:00,2026-01-08T05:30:00+00:00,5.2,,,,,,,,,,,,,,
XRP,xrp-updown-15m-1767871800,https://polymarket.com/event/xrp-updown-15m-1767871800,Down,DOWN,10,0.49,2026-01-08T11:30:00+00:00,2026-01-08T11:45:00+00:00,5.1,,,,,,,,,,,,,,
XRP,xrp-updown-15m-1767881700,https://polymarket.com/event/xrp-updown-15m-1767881700,Down,DOWN,20,0.48,2026-01-08T14:15:00+00:00,2026-01-08T14:30:00+00:00,10.4,,,,,,,,,,,,,,
XRP,xrp-updown-15m-1767892500,https://polymarket.com/event/xrp-updown-15m-1767892500,Down,DOWN,20,0.48,2026-01-08T17:15:00+00:00,2026-01-08T17:30:00+00:00,10.4,,,,,,,,,,,,,,
XRP,xrp-updown-15m-1767915000,https://polymarket.com/event/xrp-updown-15m-1767915000,Down,DOWN,30,0.48,2026-01-08T23:30:00+00:00,2026-01-08T23:45:00+00:00,-14.399.999.999.999.900,,,,,,,,,,,,,,
XRP,xrp-updown-15m-1767915900,https://polymarket.com/event/xrp-updown-15m-1767915900,Down,DOWN,30,0.48,2026-01-08T23:45:00+00:00,2026-01-09T00:00:00+00:00,15.600.000.000.000.000,,,,,,,,,,,,,,
XRP,xrp-updown-15m-1767922200,https://polymarket.com/event/xrp-updown-15m-1767922200,Down,DOWN,30,0.48,2026-01-09T01:30:00+00:00,2026-01-09T01:45:00+00:00,15.600.000.000.000.000,,,,,,,,,,,,,,
XRP,xrp-updown-15m-1767943800,https://polymarket.com/event/xrp-updown-15m-1767943800,Down,DOWN,30,0.48,2026-01-09T07:30:00+00:00,2026-01-09T07:45:00+00:00,-14.399.999.999.999.900,,,,,,,,,,,,,,
XRP,xrp-updown-15m-1767947400,https://polymarket.com/event/xrp-updown-15m-1767947400,Down,DOWN,30,0.48,2026-01-09T08:30:00+00:00,2026-01-09T08:45:00+00:00,15.600.000.000.000.000,,,,,,,,,,,,,,
XRP,xrp-updown-15m-1767978900,https://polymarket.com/event/xrp-updown-15m-1767978900,Down,DOWN,30,4.799.999.999.999.990,2026-01-09T17:15:00+00:00,2026-01-09T17:30:00+00:00,15.600.000.000.000.000,,,,,,,,,,,,,,
XRP,xrp-updown-15m-1767982500,https://polymarket.com/event/xrp-updown-15m-1767982500,Down,DOWN,30,48.000.000.800.225.700,2026-01-09T18:15:00+00:00,2026-01-09T18:30:00+00:00,15.599.999.759.932.200,,,,,,,,,,,,,,
XRP,xrp-updown-15m-1768002300,https://polymarket.com/event/xrp-updown-15m-1768002300,Down,DOWN,30,48.000.000.000.000.000,2026-01-09T23:45:00+00:00,2026-01-10T00:00:00+00:00,-14.4,,,,,,,,,,,,,,
XRP,xrp-updown-15m-1768030200,https://polymarket.com/event/xrp-updown-15m-1768030200,Down,DOWN,35,48.000.001.028.842.800,2026-01-10T07:30:00+00:00,2026-01-10T07:45:00+00:00,-1.680.000.036.009.490,,,,,,,,,,,,,,
XRP,xrp-updown-15m-1767811500,https://polymarket.com/event/xrp-updown-15m-1767811500,Down,DOWN,10,0.48,2026-01-07T18:45:00+00:00,2026-01-07T19:00:00+00:00,5.2,,,,,,,,,,,,,,
XRP,xrp-updown-15m-1767852000,https://polymarket.com/event/xrp-updown-15m-1767852000,Down,DOWN,10,0.48,2026-01-08T06:00:00+00:00,2026-01-08T06:15:00+00:00,5.2,,,,,,,,,,,,,,
XRP,xrp-updown-15m-1767882600,https://polymarket.com/event/xrp-updown-15m-1767882600,Down,DOWN,20,0.48,2026-01-08T14:30:00+00:00,2026-01-08T14:45:00+00:00,-9.6,,,,,,,,,,,,,,
XRP,xrp-updown-15m-1767928500,https://polymarket.com/event/xrp-updown-15m-1767928500,Down,DOWN,30,0.48,2026-01-09T03:15:00+00:00,2026-01-09T03:30:00+00:00,-14.399.999.999.999.900,,,,,,,,,,,,,,
XRP,xrp-updown-15m-1767946500,https://polymarket.com/event/xrp-updown-15m-1767946500,Down,DOWN,30,0.47,2026-01-09T08:15:00+00:00,2026-01-09T08:30:00+00:00,15.9,,,,,,,,,,,,,,
XRP,xrp-updown-15m-1768003200,https://polymarket.com/event/xrp-updown-15m-1768003200,Down,DOWN,30,0.48,2026-01-10T00:00:00+00:00,2026-01-10T00:15:00+00:00,-14.399.999.999.999.900,,,,,,,,,,,,,,
XRP,xrp-updown-15m-1767812400,https://polymarket.com/event/xrp-updown-15m-1767812400,Down,DOWN,10,0.48,2026-01-07T19:00:00+00:00,2026-01-07T19:15:00+00:00,5.2,,,,,,,,,,,,,,
XRP,xrp-updown-15m-1767813300,https://polymarket.com/event/xrp-updown-15m-1767813300,Down,DOWN,10,0.48,2026-01-07T19:15:00+00:00,2026-01-07T19:30:00+00:00,5.2,,,,,,,,,,,,,,
XRP,xrp-updown-15m-1767818700,https://polymarket.com/event/xrp-updown-15m-1767818700,Down,DOWN,10,0.48,2026-01-07T20:45:00+00:00,2026-01-07T21:00:00+00:00,-4.8,,,,,,,,,,,,,,
XRP,xrp-updown-15m-1767821400,https://polymarket.com/event/xrp-updown-15m-1767821400,Down,DOWN,10,0.48,2026-01-07T21:30:00+00:00,2026-01-07T21:45:00+00:00,-4.8,,,,,,,,,,,,,,
XRP,xrp-updown-15m-1767970800,https://polymarket.com/event/xrp-updown-15m-1767970800,up,DOWN,30,0.48,2026-01-09T15:00:00+00:00,2026-01-09T15:15:00+00:00,-14.399.999.999.999.900,,,,,,,,,,,,,,
XRP,xrp-updown-15m-1767971700,https://polymarket.com/event/xrp-updown-15m-1767971700,up,DOWN,30,48.000.001.847.356.400,2026-01-09T15:15:00+00:00,2026-01-09T15:30:00+00:00,-14.400.000.554.206.900,,,,,,,,,,,,,,
XRP,xrp-updown-15m-1767987000,https://polymarket.com/event/xrp-updown-15m-1767987000,up,DOWN,30,4.799.999.999.999.990,2026-01-09T19:30:00+00:00,2026-01-09T19:45:00+00:00,-14.399.999.999.999.900,,,,,,,,,,,,,,
XRP,xrp-updown-15m-1767991500,https://polymarket.com/event/xrp-updown-15m-1767991500,up,DOWN,30,4.799.999.999.999.990,2026-01-09T20:45:00+00:00,2026-01-09T21:00:00+00:00,-14.399.999.999.999.900,,,,,,,,,,,,,,
XRP,xrp-updown-15m-1767993300,https://polymarket.com/event/xrp-updown-15m-1767993300,up,DOWN,30,4.799.999.999.999.990,2026-01-09T21:15:00+00:00,2026-01-09T21:30:00+00:00,-14.399.999.999.999.900,,,,,,,,,,,,,,
XRP,xrp-updown-15m-1768016700,https://polymarket.com/event/xrp-updown-15m-1768016700,up,DOWN,35,48.000.000.000.000.000,2026-01-10T03:45:00+00:00,2026-01-10T04:00:00+00:00,-16.8,,,,,,,,,,,,,,
XRP,xrp-updown-15m-1768023000,https://polymarket.com/event/xrp-updown-15m-1768023000,up,DOWN,35,48.000.000.000.000.000,2026-01-10T05:30:00+00:00,2026-01-10T05:45:00+00:00,-16.8,,,,,,,,,,,,,,
XRP,xrp-updown-15m-1768028400,https://polymarket.com/event/xrp-updown-15m-1768028400,up,DOWN,35,48.000.000.000.000.000,2026-01-10T07:00:00+00:00,2026-01-10T07:15:00+00:00,-16.8,,,,,,,,,,,,,,
XRP,xrp-updown-15m-1768031100,https://polymarket.com/event/xrp-updown-15m-1768031100,up,DOWN,35,48.000.000.000.000.000,2026-01-10T07:45:00+00:00,2026-01-10T08:00:00+00:00,-16.8,,,,,,,,,,,,,,
XRP,xrp-updown-15m-1768032000,https://polymarket.com/event/xrp-updown-15m-1768032000,up,DOWN,35,48.000.000.342.932.500,2026-01-10T08:00:00+00:00,2026-01-10T08:15:00+00:00,-16.800.000.120.026.300,,,,,,,,,,,,,,
XRP,xrp-updown-15m-1768051800,https://polymarket.com/event/xrp-updown-15m-1768051800,up,DOWN,35,4.799.999.999.999.990,2026-01-10T13:30:00+00:00,2026-01-10T13:45:00+00:00,,,,,,,,,,,,,,,
XRP,xrp-updown-15m-1767856500,https://polymarket.com/event/xrp-updown-15m-1767856500,up,DOWN,10,0.48,2026-01-08T07:15:00+00:00,2026-01-08T07:30:00+00:00,-4.8,,,,,,,,,,,,,,
XRP,xrp-updown-15m-1767883500,https://polymarket.com/event/xrp-updown-15m-1767883500,up,DOWN,20,0.48,2026-01-08T14:45:00+00:00,2026-01-08T15:00:00+00:00,-9.6,,,,,,,,,,,,,,
XRP,xrp-updown-15m-1767887100,https://polymarket.com/event/xrp-updown-15m-1767887100,up,DOWN,20,0.48,2026-01-08T15:45:00+00:00,2026-01-08T16:00:00+00:00,-9.6,,,,,,,,,,,,,,
XRP,xrp-updown-15m-1767890700,https://polymarket.com/event/xrp-updown-15m-1767890700,up,DOWN,20,0.48,2026-01-08T16:45:00+00:00,2026-01-08T17:00:00+00:00,-9.6,,,,,,,,,,,,,,
XRP,xrp-updown-15m-1767891600,https://polymarket.com/event/xrp-updown-15m-1767891600,up,DOWN,20,0.48,2026-01-08T17:00:00+00:00,2026-01-08T17:15:00+00:00,-9.6,,,,,,,,,,,,,,
XRP,xrp-updown-15m-1767897900,https://polymarket.com/event/xrp-updown-15m-1767897900,up,DOWN,30,0.49,2026-01-08T18:45:00+00:00,2026-01-08T19:00:00+00:00,-14.7,,,,,,,,,,,,,,
XRP,xrp-updown-15m-1767909600,https://polymarket.com/event/xrp-updown-15m-1767909600,up,DOWN,30,0.48,2026-01-08T22:00:00+00:00,2026-01-08T22:15:00+00:00,-14.399.999.999.999.900,,,,,,,,,,,,,,
XRP,xrp-updown-15m-1767917700,https://polymarket.com/event/xrp-updown-15m-1767917700,up,DOWN,30,0.48,2026-01-09T00:15:00+00:00,2026-01-09T00:30:00+00:00,-14.399.999.999.999.900,,,,,,,,,,,,,,
XRP,xrp-updown-15m-1767921300,https://polymarket.com/event/xrp-updown-15m-1767921300,up,DOWN,30,0.48,2026-01-09T01:15:00+00:00,2026-01-09T01:30:00+00:00,-14.399.999.999.999.900,,,,,,,,,,,,,,
XRP,xrp-updown-15m-1767924000,https://polymarket.com/event/xrp-updown-15m-1767924000,up,DOWN,30,0.48,2026-01-09T02:00:00+00:00,2026-01-09T02:15:00+00:00,-14.399.999.999.999.900,,,,,,,,,,,,,,
XRP,xrp-updown-15m-1767932100,https://polymarket.com/event/xrp-updown-15m-1767932100,up,DOWN,30,0.48,2026-01-09T04:15:00+00:00,2026-01-09T04:30:00+00:00,-14.399.999.999.999.900,,,,,,,,,,,,,,
SOL,sol-updown-15m-1768009500,https://polymarket.com/event/sol-updown-15m-1768009500,Up,DOWN,35,48.000.000.000.000.000,2026-01-10T01:45:00+00:00,2026-01-10T02:00:00+00:00,-16.8,,,,,,,,,,,,,,
SOL,sol-updown-15m-1768010400,https://polymarket.com/event/sol-updown-15m-1768010400,Up,DOWN,35,4.800.000.057.156.680,2026-01-10T02:00:00+00:00,2026-01-10T02:15:00+00:00,-16.800.000.200.048.300,,,,,,,,,,,,,,
SOL,sol-updown-15m-1768016700,https://polymarket.com/event/sol-updown-15m-1768016700,Up,DOWN,35,48.000.000.000.000.000,2026-01-10T03:45:00+00:00,2026-01-10T04:00:00+00:00,-16.8,,,,,,,,,,,,,,
SOL,sol-updown-15m-1768019400,https://polymarket.com/event/sol-updown-15m-1768019400,Up,DOWN,35,48.000.000.000.000.000,2026-01-10T04:30:00+00:00,2026-01-10T04:45:00+00:00,-16.800.000.000.000.000,,,,,,,,,,,,,,
SOL,sol-updown-15m-1768020300,https://polymarket.com/event/sol-updown-15m-1768020300,Up,DOWN,35,48.000.000.685.880.100,2026-01-10T04:45:00+00:00,2026-01-10T05:00:00+00:00,18.199.999.759.941.900,,,,,,,,,,,,,,
SOL,sol-updown-15m-1768023000,https://polymarket.com/event/sol-updown-15m-1768023000,Up,DOWN,35,48.000.001.715.096.400,2026-01-10T05:30:00+00:00,2026-01-10T05:45:00+00:00,-16.800.000.600.283.700,,,,,,,,,,,,,,
SOL,sol-updown-15m-1768037400,https://polymarket.com/event/sol-updown-15m-1768037400,up,DOWN,35,48.000.000.000.000.000,2026-01-10T09:30:00+00:00,2026-01-10T09:45:00+00:00,-16.8,,,,,,,,,,,,,,
SOL,sol-updown-15m-1768039200,https://polymarket.com/event/sol-updown-15m-1768039200,up,DOWN,35,48.000.000.000.000.000,2026-01-10T10:00:00+00:00,2026-01-10T10:15:00+00:00,-16.8,,,,,,,,,,,,,,
SOL,sol-updown-15m-1768041000,https://polymarket.com/event/sol-updown-15m-1768041000,up,DOWN,35,48.000.000.000.000.000,2026-01-10T10:30:00+00:00,2026-01-10T10:45:00+00:00,-16.8,,,,,,,,,,,,,,
SOL,sol-updown-15m-1768041900,https://polymarket.com/event/sol-updown-15m-1768041900,up,DOWN,35,48.000.000.000.000.000,2026-01-10T10:45:00+00:00,2026-01-10T11:00:00+00:00,-16.8,,,,,,,,,,,,,,
SOL,sol-updown-15m-1768049100,https://polymarket.com/event/sol-updown-15m-1768049100,up,DOWN,35,47.999.999.999.999.900,2026-01-10T12:45:00+00:00,2026-01-10T13:00:00+00:00,-2.16,,,,,,,,,,,,,,
SOL,sol-updown-15m-1768050900,https://polymarket.com/event/sol-updown-15m-1768050900,up,DOWN,35,4.799.999.999.999.990,2026-01-10T13:15:00+00:00,2026-01-10T13:30:00+00:00,,,,,,,,,,,,,,,
XRP,xrp-updown-15m-1767796200,https://polymarket.com/event/xrp-updown-15m-1767796200,up,DOWN,10,0.48,2026-01-07T14:30:00+00:00,2026-01-07T14:45:00+00:00,-4.8,,,,,,,,,,,,,,
XRP,xrp-updown-15m-1767799800,https://polymarket.com/event/xrp-updown-15m-1767799800,up,DOWN,20,0.48,2026-01-07T15:30:00+00:00,2026-01-07T15:45:00+00:00,-9.6,,,,,,,,,,,,,,
SOL,sol-updown-15m-1767957300,https://polymarket.com/event/sol-updown-15m-1767957300,Up,DOWN,30,0.48,2026-01-09T11:15:00+00:00,2026-01-09T11:30:00+00:00,-14.399.999.999.999.900,,,,,,,,,,,,,,
SOL,sol-updown-15m-1767966300,https://polymarket.com/event/sol-updown-15m-1767966300,Up,DOWN,30,48.000.000.000.000.000,2026-01-09T13:45:00+00:00,2026-01-09T14:00:00+00:00,-14.400.000.000.000.000,,,,,,,,,,,,,,
SOL,sol-updown-15m-1767971700,https://polymarket.com/event/sol-updown-15m-1767971700,Up,DOWN,30,4.799.999.999.999.990,2026-01-09T15:15:00+00:00,2026-01-09T15:30:00+00:00,-14.399.999.999.999.900,,,,,,,,,,,,,,
SOL,sol-updown-15m-1767996900,https://polymarket.com/event/sol-updown-15m-1767996900,up,DOWN,30,4.799.999.999.999.990,2026-01-09T22:15:00+00:00,2026-01-09T22:30:00+00:00,-14.399.999.999.999.900,,,,,,,,,,,,,,
SOL,sol-updown-15m-1767904200,https://polymarket.com/event/sol-updown-15m-1767904200,Up,DOWN,30,0.48,2026-01-08T20:30:00+00:00,2026-01-08T20:45:00+00:00,-14.399.999.999.999.900,,,,,,,,,,,,,,
SOL,sol-updown-15m-1767905100,https://polymarket.com/event/sol-updown-15m-1767905100,Up,DOWN,30,0.48,2026-01-08T20:45:00+00:00,2026-01-08T21:00:00+00:00,-14.399.999.999.999.900,,,,,,,,,,,,,,
SOL,sol-updown-15m-1767906000,https://polymarket.com/event/sol-updown-15m-1767906000,Up,DOWN,30,0.48,2026-01-08T21:00:00+00:00,2026-01-08T21:15:00+00:00,-14.399.999.999.999.900,,,,,,,,,,,,,,
SOL,sol-updown-15m-1767908700,https://polymarket.com/event/sol-updown-15m-1767908700,Up,DOWN,30,0.48,2026-01-08T21:45:00+00:00,2026-01-08T22:00:00+00:00,-14.399.999.999.999.900,,,,,,,,,,,,,,
SOL,sol-updown-15m-1767912300,https://polymarket.com/event/sol-updown-15m-1767912300,Up,DOWN,30,0.48,2026-01-08T22:45:00+00:00,2026-01-08T23:00:00+00:00,-14.399.999.999.999.900,,,,,,,,,,,,,,
SOL,sol-updown-15m-1767914100,https://polymarket.com/event/sol-updown-15m-1767914100,Up,DOWN,30,0.48,2026-01-08T23:15:00+00:00,2026-01-08T23:30:00+00:00,-14.399.999.999.999.900,,,,,,,,,,,,,,
SOL,sol-updown-15m-1767915000,https://polymarket.com/event/sol-updown-15m-1767915000,Up,DOWN,30,0.48,2026-01-08T23:30:00+00:00,2026-01-08T23:45:00+00:00,-14.399.999.999.999.900,,,,,,,,,,,,,,
SOL,sol-updown-15m-1767919500,https://polymarket.com/event/sol-updown-15m-1767919500,Up,DOWN,30,0.48,2026-01-09T00:45:00+00:00,2026-01-09T01:00:00+00:00,-14.399.999.999.999.900,,,,,,,,,,,,,,
SOL,sol-updown-15m-1767921300,https://polymarket.com/event/sol-updown-15m-1767921300,Up,DOWN,30,0.48,2026-01-09T01:15:00+00:00,2026-01-09T01:30:00+00:00,-14.399.999.999.999.900,,,,,,,,,,,,,,
SOL,sol-updown-15m-1767930300,https://polymarket.com/event/sol-updown-15m-1767930300,Up,DOWN,30,0.48,2026-01-09T03:45:00+00:00,2026-01-09T04:00:00+00:00,-14.399.999.999.999.900,,,,,,,,,,,,,,
SOL,sol-updown-15m-1767932100,https://polymarket.com/event/sol-updown-15m-1767932100,Up,DOWN,30,0.48,2026-01-09T04:15:00+00:00,2026-01-09T04:30:00+00:00,15.600.000.000.000.000,,,,,,,,,,,,,,
SOL,sol-updown-15m-1767940200,https://polymarket.com/event/sol-updown-15m-1767940200,Up,DOWN,30,0.48,2026-01-09T06:30:00+00:00,2026-01-09T06:45:00+00:00,-14.399.999.999.999.900,,,,,,,,,,,,,,
SOL,sol-updown-15m-1767855600,https://polymarket.com/event/sol-updown-15m-1767855600,Up,DOWN,10,0.48,2026-01-08T07:00:00+00:00,2026-01-08T07:15:00+00:00,-4.8,,,,,,,,,,,,,,
SOL,sol-updown-15m-1767856500,https://polymarket.com/event/sol-updown-15m-1767856500,Up,DOWN,10,0.48,2026-01-08T07:15:00+00:00,2026-01-08T07:30:00+00:00,-4.8,,,,,,,,,,,,,,
SOL,sol-updown-15m-1767867300,https://polymarket.com/event/sol-updown-15m-1767867300,Up,DOWN,10,0.48,2026-01-08T10:15:00+00:00,2026-01-08T10:30:00+00:00,-4.8,,,,,,,,,,,,,,
SOL,sol-updown-15m-1767872700,https://polymarket.com/event/sol-updown-15m-1767872700,Up,DOWN,10,0.48,2026-01-08T11:45:00+00:00,2026-01-08T12:00:00+00:00,-4.8,,,,,,,,,,,,,,
SOL,sol-updown-15m-1767874500,https://polymarket.com/event/sol-updown-15m-1767874500,Up,DOWN,20,0.48,2026-01-08T12:15:00+00:00,2026-01-08T12:30:00+00:00,-9.6,,,,,,,,,,,,,,
SOL,sol-updown-15m-1767884400,https://polymarket.com/event/sol-updown-15m-1767884400,Up,DOWN,20,0.48,2026-01-08T15:00:00+00:00,2026-01-08T15:15:00+00:00,-9.6,,,,,,,,,,,,,,
SOL,sol-updown-15m-1767887100,https://polymarket.com/event/sol-updown-15m-1767887100,Up,DOWN,20,0.48,2026-01-08T15:45:00+00:00,2026-01-08T16:00:00+00:00,-9.6,,,,,,,,,,,,,,
SOL,sol-updown-15m-1767888900,https://polymarket.com/event/sol-updown-15m-1767888900,Up,DOWN,20,0.48,2026-01-08T16:15:00+00:00,2026-01-08T16:30:00+00:00,-9.6,,,,,,,,,,,,,,
SOL,sol-updown-15m-1767889800,https://polymarket.com/event/sol-updown-15m-1767889800,Up,DOWN,20,0.48,2026-01-08T16:30:00+00:00,2026-01-08T16:45:00+00:00,-9.6,,,,,,,,,,,,,,
SOL,sol-updown-15m-1767894300,https://polymarket.com/event/sol-updown-15m-1767894300,Up,DOWN,30,0.48,2026-01-08T17:45:00+00:00,2026-01-08T18:00:00+00:00,-14.399.999.999.999.900,,,,,,,,,,,,,,
SOL,sol-updown-15m-1767806100,https://polymarket.com/event/sol-updown-15m-1767806100,Up,DOWN,10,0.48,2026-01-07T17:15:00+00:00,2026-01-07T17:30:00+00:00,-4.8,,,,,,,,,,,,,,#N/A
SOL,sol-updown-15m-1767810600,https://polymarket.com/event/sol-updown-15m-1767810600,Up,DOWN,10,0.48,2026-01-07T18:30:00+00:00,2026-01-07T18:45:00+00:00,-4.8,,,,,,,,,,,,,,
SOL,sol-updown-15m-1767813300,https://polymarket.com/event/sol-updown-15m-1767813300,Up,DOWN,10,0.48,2026-01-07T19:15:00+00:00,2026-01-07T19:30:00+00:00,-4.8,,,,,,,,,,,,,,
SOL,sol-updown-15m-1767814200,https://polymarket.com/event/sol-updown-15m-1767814200,Up,DOWN,10,0.48,2026-01-07T19:30:00+00:00,2026-01-07T19:45:00+00:00,-4.8,,,,,,,,,,,,,,
SOL,sol-updown-15m-1767815100,https://polymarket.com/event/sol-updown-15m-1767815100,Up,DOWN,10,0.48,2026-01-07T19:45:00+00:00,2026-01-07T20:00:00+00:00,-4.8,,,,,,,,,,,,,,
SOL,sol-updown-15m-1767817800,https://polymarket.com/event/sol-updown-15m-1767817800,Up,DOWN,10,0.48,2026-01-07T20:30:00+00:00,2026-01-07T20:45:00+00:00,-4.8,,,,,,,,,,,,,,
SOL,sol-updown-15m-1767818700,https://polymarket.com/event/sol-updown-15m-1767818700,Up,DOWN,10,0.48,2026-01-07T20:45:00+00:00,2026-01-07T21:00:00+00:00,5.2,,,,,,,,,,,,,,
SOL,sol-updown-15m-1767822300,https://polymarket.com/event/sol-updown-15m-1767822300,Up,DOWN,10,0.48,2026-01-07T21:45:00+00:00,2026-01-07T22:00:00+00:00,-4.8,,,,,,,,,,,,,,
SOL,sol-updown-15m-1767825000,https://polymarket.com/event/sol-updown-15m-1767825000,Up,DOWN,10,0.48,2026-01-07T22:30:00+00:00,2026-01-07T22:45:00+00:00,-4.8,,,,,,,,,,,,,,
SOL,sol-updown-15m-1767825900,https://polymarket.com/event/sol-updown-15m-1767825900,Up,DOWN,10,0.48,2026-01-07T22:45:00+00:00,2026-01-07T23:00:00+00:00,-4.8,,,,,,,,,,,,,,
SOL,sol-updown-15m-1767831300,https://polymarket.com/event/sol-updown-15m-1767831300,Up,DOWN,10,0.48,2026-01-08T00:15:00+00:00,2026-01-08T00:30:00+00:00,-4.8,,,,,,,,,,,,,,
SOL,sol-updown-15m-1767848400,https://polymarket.com/event/sol-updown-15m-1767848400,Up,DOWN,10,0.48,2026-01-08T05:00:00+00:00,2026-01-08T05:15:00+00:00,-4.8,,,,,,,,,,,,,,
SOL,sol-updown-15m-1767853800,https://polymarket.com/event/sol-updown-15m-1767853800,Up,DOWN,10,0.48,2026-01-08T06:30:00+00:00,2026-01-08T06:45:00+00:00,-4.8,,,,,,,,,,,,,,
SOL,sol-updown-15m-1768047300,https://polymarket.com/event/sol-updown-15m-1768047300,Up,DOWN,35,48.000.000.000.000.000,2026-01-10T12:15:00+00:00,2026-01-10T12:30:00+00:00,-16.8,,,,,,,,,,,,,,
SOL,sol-updown-15m-1768008600,https://polymarket.com/event/sol-updown-15m-1768008600,Up,DOWN,35,4.799.999.999.999.990,2026-01-10T01:30:00+00:00,2026-01-10T01:45:00+00:00,-16.799.999.999.999.900,,,,,,,,,,,,,,
SOL,sol-updown-15m-1767974400,https://polymarket.com/event/sol-updown-15m-1767974400,Up,DOWN,30,4.799.999.999.999.990,2026-01-09T16:00:00+00:00,2026-01-09T16:15:00+00:00,-14.399.999.999.999.900,,,,,,,,,,,,,,
SOL,sol-updown-15m-1768024800,https://polymarket.com/event/sol-updown-15m-1768024800,Up,DOWN,35,48.000.001.143.139.800,2026-01-10T06:00:00+00:00,2026-01-10T06:15:00+00:00,-16.800.000.400.098.900,,,,,,,,,,,,,,
SOL,sol-updown-15m-1767869100,https://polymarket.com/event/sol-updown-15m-1767869100,Up,DOWN,10,0.48,2026-01-08T10:45:00+00:00,2026-01-08T11:00:00+00:00,-4.8,,,,,,,,,,,,,,
SOL,sol-updown-15m-1767916800,https://polymarket.com/event/sol-updown-15m-1767916800,Up,DOWN,30,0.48,2026-01-09T00:00:00+00:00,2026-01-09T00:15:00+00:00,-14.399.999.999.999.900,,,,,,,,,,,,,,
SOL,sol-updown-15m-1767965400,https://polymarket.com/event/sol-updown-15m-1767965400,Up,DOWN,30,4.799.999.999.999.990,2026-01-09T13:30:00+00:00,2026-01-09T13:45:00+00:00,15.600.000.000.000.000,,,,,,,,,,,,,,
SOL,sol-updown-15m-1768006800,https://polymarket.com/event/sol-updown-15m-1768006800,Up,DOWN,35,48.000.000.000.000.000,2026-01-10T01:00:00+00:00,2026-01-10T01:15:00+00:00,-16.8,,,,,,,,,,,,,,
SOL,sol-updown-15m-1768036500,https://polymarket.com/event/sol-updown-15m-1768036500,Up,DOWN,35,48.000.001.143.058.100,2026-01-10T09:15:00+00:00,2026-01-10T09:30:00+00:00,-16.800.000.400.070.300,,,,,,,,,,,,,,
SOL,sol-updown-15m-1768000500,https://polymarket.com/event/sol-updown-15m-1768000500,Up,DOWN,30,4.800.000.280.086.200,2026-01-09T23:15:00+00:00,2026-01-09T23:30:00+00:00,-14.400.000.840.258.600,,,,,,,,,,,,,,
SOL,sol-updown-15m-1768031100,https://polymarket.com/event/sol-updown-15m-1768031100,Up,DOWN,35,4.799.999.999.999.990,2026-01-10T07:45:00+00:00,2026-01-10T08:00:00+00:00,-16.799.999.999.999.900,,,,,,,,,,,,,,
XRP,xrp-updown-15m-1767822300,https://polymarket.com/event/xrp-updown-15m-1767822300,Up,DOWN,10,0.48,2026-01-07T21:45:00+00:00,2026-01-07T22:00:00+00:00,-4.8,,,,,,,,,,,,,,
XRP,xrp-updown-15m-1767826800,https://polymarket.com/event/xrp-updown-15m-1767826800,Up,DOWN,10,0.48,2026-01-07T23:00:00+00:00,2026-01-07T23:15:00+00:00,-4.8,,,,,,,,,,,,,,
XRP,xrp-updown-15m-1767843000,https://polymarket.com/event/xrp-updown-15m-1767843000,Up,DOWN,10,0.48,2026-01-08T03:30:00+00:00,2026-01-08T03:45:00+00:00,5.2,,,,,,,,,,,,,,
XRP,xrp-updown-15m-1767843900,https://polymarket.com/event/xrp-updown-15m-1767843900,Up,DOWN,10,0.48,2026-01-08T03:45:00+00:00,2026-01-08T04:00:00+00:00,-4.8,,,,,,,,,,,,,,
XRP,xrp-updown-15m-1767857400,https://polymarket.com/event/xrp-updown-15m-1767857400,Up,DOWN,10,0.48,2026-01-08T07:30:00+00:00,2026-01-08T07:45:00+00:00,-4.8,,,,,,,,,,,,,,
XRP,xrp-updown-15m-1767873600,https://polymarket.com/event/xrp-updown-15m-1767873600,Up,DOWN,10,0.48,2026-01-08T12:00:00+00:00,2026-01-08T12:15:00+00:00,5.2,,,,,,,,,,,,,,
XRP,xrp-updown-15m-1767875400,https://polymarket.com/event/xrp-updown-15m-1767875400,Up,DOWN,20,0.48,2026-01-08T12:30:00+00:00,2026-01-08T12:45:00+00:00,-9.6,,,,,,,,,,,,,,
XRP,xrp-updown-15m-1767897000,https://polymarket.com/event/xrp-updown-15m-1767897000,Up,DOWN,30,0.48,2026-01-08T18:30:00+00:00,2026-01-08T18:45:00+00:00,15.600.000.000.000.000,,,,,,,,,,,,,,
XRP,xrp-updown-15m-1767901500,https://polymarket.com/event/xrp-updown-15m-1767901500,Up,DOWN,30,0.48,2026-01-08T19:45:00+00:00,2026-01-08T20:00:00+00:00,15.600.000.000.000.000,,,,,,,,,,,,,,
XRP,xrp-updown-15m-1767923100,https://polymarket.com/event/xrp-updown-15m-1767923100,Up,DOWN,30,0.48,2026-01-09T01:45:00+00:00,2026-01-09T02:00:00+00:00,-14.399.999.999.999.900,,,,,,,,,,,,,,
XRP,xrp-updown-15m-1767969000,https://polymarket.com/event/xrp-updown-15m-1767969000,Up,DOWN,30,4.799.999.999.999.990,2026-01-09T14:30:00+00:00,2026-01-09T14:45:00+00:00,15.600.000.000.000.000,,,,,,,,,,,,,,
XRP,xrp-updown-15m-1767985200,https://polymarket.com/event/xrp-updown-15m-1767985200,Up,DOWN,30,4.799.999.999.999.990,2026-01-09T19:00:00+00:00,2026-01-09T19:15:00+00:00,15.600.000.000.000.000,,,,,,,,,,,,,,
XRP,xrp-updown-15m-1767992400,https://polymarket.com/event/xrp-updown-15m-1767992400,Up,DOWN,30,4.799.999.999.999.990,2026-01-09T21:00:00+00:00,2026-01-09T21:15:00+00:00,-14.399.999.999.999.900,,,,,,,,,,,,,,
XRP,xrp-updown-15m-1768005000,https://polymarket.com/event/xrp-updown-15m-1768005000,Up,DOWN,35,48.000.000.000.000.000,2026-01-10T00:30:00+00:00,2026-01-10T00:45:00+00:00,-16.8,,,,,,,,,,,,,,
XRP,xrp-updown-15m-1768012200,https://polymarket.com/event/xrp-updown-15m-1768012200,Up,DOWN,35,48.000.000.000.000.000,2026-01-10T02:30:00+00:00,2026-01-10T02:45:00+00:00,18.2,,,,,,,,,,,,,,
XRP,xrp-updown-15m-1768033800,https://polymarket.com/event/xrp-updown-15m-1768033800,Up,DOWN,35,48.000.000.000.000.000,2026-01-10T08:30:00+00:00,2026-01-10T08:45:00+00:00,18.2,,,,,,,,,,,,,,
XRP,xrp-updown-15m-1768034700,https://polymarket.com/event/xrp-updown-15m-1768034700,Up,DOWN,35,48.000.000.000.000.000,2026-01-10T08:45:00+00:00,2026-01-10T09:00:00+00:00,-16.8,,,,,,,,,,,,,,
XRP,xrp-updown-15m-1768035600,https://polymarket.com/event/xrp-updown-15m-1768035600,Up,DOWN,35,48.000.000.000.000.000,2026-01-10T09:00:00+00:00,2026-01-10T09:15:00+00:00,-16.8,,,,,,,,,,,,,,
SOL,sol-updown-15m-1767833100,https://polymarket.com/event/sol-updown-15m-1767833100,Up,DOWN,10,0.48,2026-01-08T00:45:00+00:00,2026-01-08T01:00:00+00:00,-4.8,,,,,,,,,,,,,,
SOL,sol-updown-15m-1767838500,https://polymarket.com/event/sol-updown-15m-1767838500,Up,DOWN,10,0.48,2026-01-08T02:15:00+00:00,2026-01-08T02:30:00+00:00,-4.8,,,,,,,,,,,,,,
SOL,sol-updown-15m-1767876300,https://polymarket.com/event/sol-updown-15m-1767876300,Up,DOWN,20,0.48,2026-01-08T12:45:00+00:00,2026-01-08T13:00:00+00:00,-9.6,,,,,,,,,,,,,,
SOL,sol-updown-15m-1767878100,https://polymarket.com/event/sol-updown-15m-1767878100,Up,DOWN,20,0.48,2026-01-08T13:15:00+00:00,2026-01-08T13:30:00+00:00,-9.6,,,,,,,,,,,,,,
SOL,sol-updown-15m-1767918600,https://polymarket.com/event/sol-updown-15m-1767918600,Up,DOWN,30,0.48,2026-01-09T00:30:00+00:00,2026-01-09T00:45:00+00:00,-14.399.999.999.999.900,,,,,,,,,,,,,,
SOL,sol-updown-15m-1767934800,https://polymarket.com/event/sol-updown-15m-1767934800,Up,DOWN,30,0.48,2026-01-09T05:00:00+00:00,2026-01-09T05:15:00+00:00,-14.399.999.999.999.900,,,,,,,,,,,,,,
SOL,sol-updown-15m-1768014900,https://polymarket.com/event/sol-updown-15m-1768014900,Up,DOWN,35,48.000.000.686.064.900,2026-01-10T03:15:00+00:00,2026-01-10T03:30:00+00:00,-1.680.000.024.012.270,,,,,,,,,,,,,,
SOL,sol-updown-15m-1767824100,https://polymarket.com/event/sol-updown-15m-1767824100,Up,DOWN,10,0.48,2026-01-07T22:15:00+00:00,2026-01-07T22:30:00+00:00,-4.8,,,,,,,,,,,,,,
SOL,sol-updown-15m-1767832200,https://polymarket.com/event/sol-updown-15m-1767832200,Up,DOWN,10,0.48,2026-01-08T00:30:00+00:00,2026-01-08T00:45:00+00:00,-4.8,,,,,,,,,,,,,,
SOL,sol-updown-15m-1767862800,https://polymarket.com/event/sol-updown-15m-1767862800,Up,DOWN,10,0.48,2026-01-08T09:00:00+00:00,2026-01-08T09:15:00+00:00,-4.8,,,,,,,,,,,,,,
SOL,sol-updown-15m-1767907800,https://polymarket.com/event/sol-updown-15m-1767907800,Up,DOWN,30,0.48,2026-01-08T21:30:00+00:00,2026-01-08T21:45:00+00:00,-14.399.999.999.999.900,,,,,,,,,,,,,,
SOL,sol-updown-15m-1767909600,https://polymarket.com/event/sol-updown-15m-1767909600,Up,DOWN,30,0.48,2026-01-08T22:00:00+00:00,2026-01-08T22:15:00+00:00,-14.399.999.999.999.900,,,,,,,,,,,,,,
SOL,sol-updown-15m-1767933900,https://polymarket.com/event/sol-updown-15m-1767933900,Up,DOWN,30,0.49,2026-01-09T04:45:00+00:00,2026-01-09T05:00:00+00:00,15.3,,,,,,,,,,,,,,
SOL,sol-updown-15m-1767964500,https://polymarket.com/event/sol-updown-15m-1767964500,Up,DOWN,30,4.799.999.999.999.990,2026-01-09T13:15:00+00:00,2026-01-09T13:30:00+00:00,-14.399.999.999.999.900,,,,,,,,,,,,,,
SOL,sol-updown-15m-1767980700,https://polymarket.com/event/sol-updown-15m-1767980700,Up,DOWN,30,48.000.002.934.612.900,2026-01-09T17:45:00+00:00,2026-01-09T18:00:00+00:00,-1.440.000.088.038.380,,,,,,,,,,,,,,
SOL,sol-updown-15m-1768038300,https://polymarket.com/event/sol-updown-15m-1768038300,Up,DOWN,35,48.000.000.000.000.000,2026-01-10T09:45:00+00:00,2026-01-10T10:00:00+00:00,-16.8,,,,,,,,,,,,,,
SOL,sol-updown-15m-1768046400,https://polymarket.com/event/sol-updown-15m-1768046400,Up,DOWN,34,4.699.999.999.999.990,2026-01-10T12:00:00+00:00,2026-01-10T12:15:00+00:00,-16.8,,,,,,,,,,,,,,
SOL,sol-updown-15m-1767840300,https://polymarket.com/event/sol-updown-15m-1767840300,Up,DOWN,10,0.48,2026-01-08T02:45:00+00:00,2026-01-08T03:00:00+00:00,-4.8,,,,,,,,,,,,,,
SOL,sol-updown-15m-1767885300,https://polymarket.com/event/sol-updown-15m-1767885300,Up,DOWN,20,0.48,2026-01-08T15:15:00+00:00,2026-01-08T15:30:00+00:00,-9.6,,,,,,,,,,,,,,
SOL,sol-updown-15m-1767890700,https://polymarket.com/event/sol-updown-15m-1767890700,Up,DOWN,20,0.48,2026-01-08T16:45:00+00:00,2026-01-08T17:00:00+00:00,-9.6,,,,,,,,,,,,,,
SOL,sol-updown-15m-1767893400,https://polymarket.com/event/sol-updown-15m-1767893400,Up,DOWN,20,0.48,2026-01-08T17:30:00+00:00,2026-01-08T17:45:00+00:00,-9.6,,,,,,,,,,,,,,
SOL,sol-updown-15m-1767924000,https://polymarket.com/event/sol-updown-15m-1767924000,Up,DOWN,30,0.48,2026-01-09T02:00:00+00:00,2026-01-09T02:15:00+00:00,-14.399.999.999.999.900,,,,,,,,,,,,,,
SOL,sol-updown-15m-1767970800,https://polymarket.com/event/sol-updown-15m-1767970800,Up,DOWN,30,4.799.999.999.999.990,2026-01-09T15:00:00+00:00,2026-01-09T15:15:00+00:00,-14.399.999.999.999.900,,,,,,,,,,,,,,
SOL,sol-updown-15m-1767991500,https://polymarket.com/event/sol-updown-15m-1767991500,Up,DOWN,30,4.800.000.026.667.350,2026-01-09T20:45:00+00:00,2026-01-09T21:00:00+00:00,-14.400.000.080.002.000,,,,,,,,,,,,,,
SOL,sol-updown-15m-1768007700,https://polymarket.com/event/sol-updown-15m-1768007700,Up,DOWN,35,48.000.001.142.957.700,2026-01-10T01:15:00+00:00,2026-01-10T01:30:00+00:00,-16.800.000.400.035.200,,,,,,,,,,,,,,
SOL,sol-updown-15m-1768028400,https://polymarket.com/event/sol-updown-15m-1768028400,Up,DOWN,35,48.000.001.028.842.800,2026-01-10T07:00:00+00:00,2026-01-10T07:15:00+00:00,-1.680.000.036.009.490,,,,,,,,,,,,,,
SOL,sol-updown-15m-1768032000,https://polymarket.com/event/sol-updown-15m-1768032000,Up,DOWN,35,48.000.000.342.932.500,2026-01-10T08:00:00+00:00,2026-01-10T08:15:00+00:00,-16.800.000.120.026.300,,,,,,,,,,,,,,
SOL,sol-updown-15m-1767809700,https://polymarket.com/event/sol-updown-15m-1767809700,Up,DOWN,10,0.48,2026-01-07T18:15:00+00:00,2026-01-07T18:30:00+00:00,-4.8,,,,,,,,,,,,,,
SOL,sol-updown-15m-1767819600,https://polymarket.com/event/sol-updown-15m-1767819600,Up,DOWN,10,0.48,2026-01-07T21:00:00+00:00,2026-01-07T21:15:00+00:00,-4.8,,,,,,,,,,,,,,
SOL,sol-updown-15m-1767837600,https://polymarket.com/event/sol-updown-15m-1767837600,Up,DOWN,10,0.48,2026-01-08T02:00:00+00:00,2026-01-08T02:15:00+00:00,-4.8,,,,,,,,,,,,,,
SOL,sol-updown-15m-1767868200,https://polymarket.com/event/sol-updown-15m-1767868200,Up,DOWN,10,0.48,2026-01-08T10:30:00+00:00,2026-01-08T10:45:00+00:00,-4.8,,,,,,,,,,,,,,
SOL,sol-updown-15m-1767942900,https://polymarket.com/event/sol-updown-15m-1767942900,Up,DOWN,30,0.48,2026-01-09T07:15:00+00:00,2026-01-09T07:30:00+00:00,-14.399.999.999.999.900,,,,,,,,,,,,,,
SOL,sol-updown-15m-1767952800,https://polymarket.com/event/sol-updown-15m-1767952800,Up,DOWN,30,0.48,2026-01-09T10:00:00+00:00,2026-01-09T10:15:00+00:00,-14.399.999.999.999.900,,,,,,,,,,,,,,
SOL,sol-updown-15m-1767955500,https://polymarket.com/event/sol-updown-15m-1767955500,Up,DOWN,30,4.799.999.999.999.990,2026-01-09T10:45:00+00:00,2026-01-09T11:00:00+00:00,-14.399.999.999.999.900,,,,,,,,,,,,,,
SOL,sol-updown-15m-1767959100,https://polymarket.com/event/sol-updown-15m-1767959100,Up,DOWN,30,4.799.999.999.999.990,2026-01-09T11:45:00+00:00,2026-01-09T12:00:00+00:00,-14.399.999.999.999.900,,,,,,,,,,,,,,
SOL,sol-updown-15m-1767963600,https://polymarket.com/event/sol-updown-15m-1767963600,Up,DOWN,30,4.800.000.000.000.000,2026-01-09T13:00:00+00:00,2026-01-09T13:15:00+00:00,-14.400.000.000.000.000,,,,,,,,,,,,,,
SOL,sol-updown-15m-1768025700,https://polymarket.com/event/sol-updown-15m-1768025700,Up,DOWN,35,48.000.000.000.000.000,2026-01-10T06:15:00+00:00,2026-01-10T06:30:00+00:00,-16.8,,,,,,,,,,,,,,
SOL,sol-updown-15m-1767883500,https://polymarket.com/event/sol-updown-15m-1767883500,Up,DOWN,20,0.48,2026-01-08T14:45:00+00:00,2026-01-08T15:00:00+00:00,-9.6,,,,,,,,,,,,,,
SOL,sol-updown-15m-1767927600,https://polymarket.com/event/sol-updown-15m-1767927600,Up,DOWN,30,0.48,2026-01-09T03:00:00+00:00,2026-01-09T03:15:00+00:00,-14.399.999.999.999.900,,,,,,,,,,,,,,
SOL,sol-updown-15m-1767941100,https://polymarket.com/event/sol-updown-15m-1767941100,Up,DOWN,30,0.48,2026-01-09T06:45:00+00:00,2026-01-09T07:00:00+00:00,-14.399.999.999.999.900,,,,,,,,,,,,,,
SOL,sol-updown-15m-1768022100,https://polymarket.com/event/sol-updown-15m-1768022100,Up,DOWN,35,48.000.000.000.000.000,2026-01-10T05:15:00+00:00,2026-01-10T05:30:00+00:00,-16.8,,,,,,,,,,,,,,
SOL,sol-updown-15m-1767834000,https://polymarket.com/event/sol-updown-15m-1767834000,Up,DOWN,10,0.48,2026-01-08T01:00:00+00:00,2026-01-08T01:15:00+00:00,-4.8,,,,,,,,,,,,,,
SOL,sol-updown-15m-1767864600,https://polymarket.com/event/sol-updown-15m-1767864600,Up,DOWN,10,0.48,2026-01-08T09:30:00+00:00,2026-01-08T09:45:00+00:00,-4.8,,,,,,,,,,,,,,
SOL,sol-updown-15m-1767962700,https://polymarket.com/event/sol-updown-15m-1767962700,Up,DOWN,30,4.799.999.999.999.990,2026-01-09T12:45:00+00:00,2026-01-09T13:00:00+00:00,15.600.000.000.000.000,,,,,,,,,,,,,,
SOL,sol-updown-15m-1767796200,https://polymarket.com/event/sol-updown-15m-1767796200,Up,DOWN,10,0.48,2026-01-07T14:30:00+00:00,2026-01-07T14:45:00+00:00,-4.8,,,,,,,,,,,,,,
SOL,sol-updown-15m-1767797100,https://polymarket.com/event/sol-updown-15m-1767797100,Up,DOWN,10,0.48,2026-01-07T14:45:00+00:00,2026-01-07T15:00:00+00:00,-4.8,,,,,,,,,,,,,,
SOL,sol-updown-15m-1767801600,https://polymarket.com/event/sol-updown-15m-1767801600,Up,DOWN,10,0.48,2026-01-07T16:00:00+00:00,2026-01-07T16:15:00+00:00,-4.8,,,,,,,,,,,,,,
SOL,sol-updown-15m-1767805200,https://polymarket.com/event/sol-updown-15m-1767805200,Up,DOWN,10,0.48,2026-01-07T17:00:00+00:00,2026-01-07T17:15:00+00:00,-4.8,,,,,,,,,,,,,,
SOL,sol-updown-15m-1767826800,https://polymarket.com/event/sol-updown-15m-1767826800,Up,DOWN,10,0.48,2026-01-07T23:00:00+00:00,2026-01-07T23:15:00+00:00,5.2,,,,,,,,,,,,,,
XRP,xrp-updown-15m-1767802500,https://polymarket.com/event/xrp-updown-15m-1767802500,Up,DOWN,10,0.48,2026-01-07T16:15:00+00:00,2026-01-07T16:30:00+00:00,-4.8,,,,,,,,,,,,,,
XRP,xrp-updown-15m-1767809700,https://polymarket.com/event/xrp-updown-15m-1767809700,Up,DOWN,10,0.48,2026-01-07T18:15:00+00:00,2026-01-07T18:30:00+00:00,-4.8,,,,,,,,,,,,,,
XRP,xrp-updown-15m-1767819600,https://polymarket.com/event/xrp-updown-15m-1767819600,Up,DOWN,10,0.48,2026-01-07T21:00:00+00:00,2026-01-07T21:15:00+00:00,-4.8,,,,,,,,,,,,,,
XRP,xrp-updown-15m-1767823200,https://polymarket.com/event/xrp-updown-15m-1767823200,Up,DOWN,10,0.48,2026-01-07T22:00:00+00:00,2026-01-07T22:15:00+00:00,-4.8,,,,,,,,,,,,,,
XRP,xrp-updown-15m-1767830400,https://polymarket.com/event/xrp-updown-15m-1767830400,Up,DOWN,10,0.48,2026-01-08T00:00:00+00:00,2026-01-08T00:15:00+00:00,-4.8,,,,,,,,,,,,,,
XRP,xrp-updown-15m-1767834000,https://polymarket.com/event/xrp-updown-15m-1767834000,Up,DOWN,10,0.48,2026-01-08T01:00:00+00:00,2026-01-08T01:15:00+00:00,-4.8,,,,,,,,,,,,,,
XRP,xrp-updown-15m-1767837600,https://polymarket.com/event/xrp-updown-15m-1767837600,Up,DOWN,10,0.48,2026-01-08T02:00:00+00:00,2026-01-08T02:15:00+00:00,-4.8,,,,,,,,,,,,,,
XRP,xrp-updown-15m-1767874500,https://polymarket.com/event/xrp-updown-15m-1767874500,Up,DOWN,20,0.48,2026-01-08T12:15:00+00:00,2026-01-08T12:30:00+00:00,-9.6,,,,,,,,,,,,,,
XRP,xrp-updown-15m-1767876300,https://polymarket.com/event/xrp-updown-15m-1767876300,Up,DOWN,20,0.48,2026-01-08T12:45:00+00:00,2026-01-08T13:00:00+00:00,-9.6,,,,,,,,,,,,,,
XRP,xrp-updown-15m-1767927600,https://polymarket.com/event/xrp-updown-15m-1767927600,Up,DOWN,30,0.48,2026-01-09T03:00:00+00:00,2026-01-09T03:15:00+00:00,-14.399.999.999.999.900,,,,,,,,,,,,,,
XRP,xrp-updown-15m-1767952800,https://polymarket.com/event/xrp-updown-15m-1767952800,Up,DOWN,30,0.48,2026-01-09T10:00:00+00:00,2026-01-09T10:15:00+00:00,-14.399.999.999.999.900,,,,,,,,,,,,,,
XRP,xrp-updown-15m-1767960900,https://polymarket.com/event/xrp-updown-15m-1767960900,Up,DOWN,30,4.799.999.999.999.990,2026-01-09T12:15:00+00:00,2026-01-09T12:30:00+00:00,-14.399.999.999.999.900,,,,,,,,,,,,,,
XRP,xrp-updown-15m-1768022100,https://polymarket.com/event/xrp-updown-15m-1768022100,Up,DOWN,35,4.799.999.999.999.990,2026-01-10T05:15:00+00:00,2026-01-10T05:30:00+00:00,-16.799.999.999.999.900,,,,,,,,,,,,,,
XRP,xrp-updown-15m-1767889800,https://polymarket.com/event/xrp-updown-15m-1767889800,Up,DOWN,20,0.48,2026-01-08T16:30:00+00:00,2026-01-08T16:45:00+00:00,-9.6,,,,,,,,,,,,,,
XRP,xrp-updown-15m-1767963600,https://polymarket.com/event/xrp-updown-15m-1767963600,Up,DOWN,30,4.799.999.999.999.990,2026-01-09T13:00:00+00:00,2026-01-09T13:15:00+00:00,-14.399.999.999.999.900,,,,,,,,,,,,,,
XRP,xrp-updown-15m-1767969900,https://polymarket.com/event/xrp-updown-15m-1767969900,Up,DOWN,30,4.799.999.999.999.990,2026-01-09T14:45:00+00:00,2026-01-09T15:00:00+00:00,-14.399.999.999.999.900,,,,,,,,,,,,,,
XRP,xrp-updown-15m-1767969900,https://polymarket.com/event/xrp-updown-15m-1767969900,Up,DOWN,30,0.48,2026-01-09T14:45:00+00:00,2026-01-09T15:00:00+00:00,-14.399.999.999.999.900,,,,,,,,,,,,,,
XRP,xrp-updown-15m-1768036500,https://polymarket.com/event/xrp-updown-15m-1768036500,Up,DOWN,34,4.728.571.428.571.420,2026-01-10T09:15:00+00:00,2026-01-10T09:30:00+00:00,-1.607.714.285.714.280,,,,,,,,,,,,,,
XRP,xrp-updown-15m-1767848400,https://polymarket.com/event/xrp-updown-15m-1767848400,Up,DOWN,10,0.48,2026-01-08T05:00:00+00:00,2026-01-08T05:15:00+00:00,-4.8,,,,,,,,,,,,,,
XRP,xrp-updown-15m-1767872700,https://polymarket.com/event/xrp-updown-15m-1767872700,Up,DOWN,10,0.48,2026-01-08T11:45:00+00:00,2026-01-08T12:00:00+00:00,-4.8,,,,,,,,,,,,,,
XRP,xrp-updown-15m-1767880800,https://polymarket.com/event/xrp-updown-15m-1767880800,Up,DOWN,20,0.48,2026-01-08T14:00:00+00:00,2026-01-08T14:15:00+00:00,-9.6,,,,,,,,,,,,,,
XRP,xrp-updown-15m-1767906000,https://polymarket.com/event/xrp-updown-15m-1767906000,Up,DOWN,30,0.48,2026-01-08T21:00:00+00:00,2026-01-08T21:15:00+00:00,-14.399.999.999.999.900,,,,,,,,,,,,,,
XRP,xrp-updown-15m-1767983400,https://polymarket.com/event/xrp-updown-15m-1767983400,Up,DOWN,30,4.800.000.013.335.040,2026-01-09T18:30:00+00:00,2026-01-09T18:45:00+00:00,-14.400.000.040.005.100,,,,,,,,,,,,,,
XRP,xrp-updown-15m-1768011300,https://polymarket.com/event/xrp-updown-15m-1768011300,Up,DOWN,35,48.000.000.000.000.000,2026-01-10T02:15:00+00:00,2026-01-10T02:30:00+00:00,-16.8,,,,,,,,,,,,,,
XRP,xrp-updown-15m-1767815100,https://polymarket.com/event/xrp-updown-15m-1767815100,Up,DOWN,10,0.48,2026-01-07T19:45:00+00:00,2026-01-07T20:00:00+00:00,-4.8,,,,,,,,,,,,,,
XRP,xrp-updown-15m-1767914100,https://polymarket.com/event/xrp-updown-15m-1767914100,Up,DOWN,30,0.48,2026-01-08T23:15:00+00:00,2026-01-08T23:30:00+00:00,-14.399.999.999.999.900,,,,,,,,,,,,,,
XRP,xrp-updown-15m-1767916800,https://polymarket.com/event/xrp-updown-15m-1767916800,Up,DOWN,30,0.48,2026-01-09T00:00:00+00:00,2026-01-09T00:15:00+00:00,-14.399.999.999.999.900,,,,,,,,,,,,,,
XRP,xrp-updown-15m-1767995100,https://polymarket.com/event/xrp-updown-15m-1767995100,Up,DOWN,30,4.799.999.999.999.990,2026-01-09T21:45:00+00:00,2026-01-09T22:00:00+00:00,-14.399.999.999.999.900,,,,,,,,,,,,,,
XRP,xrp-updown-15m-1767840300,https://polymarket.com/event/xrp-updown-15m-1767840300,Up,DOWN,10,0.48,2026-01-08T02:45:00+00:00,2026-01-08T03:00:00+00:00,-4.8,,,,,,,,,,,,,,
XRP,xrp-updown-15m-1767869100,https://polymarket.com/event/xrp-updown-15m-1767869100,Up,DOWN,10,0.48,2026-01-08T10:45:00+00:00,2026-01-08T11:00:00+00:00,-4.8,,,,,,,,,,,,,,
XRP,xrp-updown-15m-1767878100,https://polymarket.com/event/xrp-updown-15m-1767878100,Up,DOWN,20,0.48,2026-01-08T13:15:00+00:00,2026-01-08T13:30:00+00:00,-9.6,,,,,,,,,,,,,,
XRP,xrp-updown-15m-1767894300,https://polymarket.com/event/xrp-updown-15m-1767894300,Up,DOWN,30,0.48,2026-01-08T17:45:00+00:00,2026-01-08T18:00:00+00:00,-14.399.999.999.999.900,,,,,,,,,,,,,,
XRP,xrp-updown-15m-1767979800,https://polymarket.com/event/xrp-updown-15m-1767979800,Up,DOWN,30,4.800.000.000.000.000,2026-01-09T17:30:00+00:00,2026-01-09T17:45:00+00:00,-14.400.000.000.000.000,,,,,,,,,,,,,,
XRP,xrp-updown-15m-1768008600,https://polymarket.com/event/xrp-updown-15m-1768008600,Up,DOWN,35,48.000.000.000.000.000,2026-01-10T01:30:00+00:00,2026-01-10T01:45:00+00:00,-16.8,,,,,,,,,,,,,,
XRP,xrp-updown-15m-1768024800,https://polymarket.com/event/xrp-updown-15m-1768024800,Up,DOWN,35,48.000.000.000.000.000,2026-01-10T06:00:00+00:00,2026-01-10T06:15:00+00:00,-16.8,,,,,,,,,,,,,,
XRP,xrp-updown-15m-1768040100,https://polymarket.com/event/xrp-updown-15m-1768040100,Up,DOWN,35,48.000.000.000.000.000,2026-01-10T10:15:00+00:00,2026-01-10T10:30:00+00:00,-16.8,,,,,,,,,,,,,,
XRP,xrp-updown-15m-1768045500,https://polymarket.com/event/xrp-updown-15m-1768045500,Up,DOWN,35,48.000.000.000.000.000,2026-01-10T11:45:00+00:00,2026-01-10T12:00:00+00:00,-16.8,,,,,,,,,,,,,,
XRP,xrp-updown-15m-1767808800,https://polymarket.com/event/xrp-updown-15m-1767808800,Up,DOWN,10,0.48,2026-01-07T18:00:00+00:00,2026-01-07T18:15:00+00:00,-4.8,,,,,,,,,,,,,,
XRP,xrp-updown-15m-1767885300,https://polymarket.com/event/xrp-updown-15m-1767885300,Up,DOWN,20,0.48,2026-01-08T15:15:00+00:00,2026-01-08T15:30:00+00:00,-9.6,,,,,,,,,,,,,,
XRP,xrp-updown-15m-1767988800,https://polymarket.com/event/xrp-updown-15m-1767988800,Up,DOWN,30,4.800.000.026.667.350,2026-01-09T20:00:00+00:00,2026-01-09T20:15:00+00:00,-14.400.000.080.002.000,,,,,,,,,,,,,,
SOL,sol-updown-15m-1767827700,https://polymarket.com/event/sol-updown-15m-1767827700,Up,DOWN,10,0.48,2026-01-07T23:15:00+00:00,2026-01-07T23:30:00+00:00,-4.8,,,,,,,,,,,,,,
SOL,sol-updown-15m-1767834900,https://polymarket.com/event/sol-updown-15m-1767834900,Up,DOWN,10,0.48,2026-01-08T01:15:00+00:00,2026-01-08T01:30:00+00:00,-4.8,,,,,,,,,,,,,,
SOL,sol-updown-15m-1767857400,https://polymarket.com/event/sol-updown-15m-1767857400,Up,DOWN,10,0.48,2026-01-08T07:30:00+00:00,2026-01-08T07:45:00+00:00,-4.8,,,,,,,,,,,,,,
SOL,sol-updown-15m-1767858300,https://polymarket.com/event/sol-updown-15m-1767858300,Up,DOWN,10,0.48,2026-01-08T07:45:00+00:00,2026-01-08T08:00:00+00:00,-4.8,,,,,,,,,,,,,,
SOL,sol-updown-15m-1767879900,https://polymarket.com/event/sol-updown-15m-1767879900,Up,DOWN,20,0.48,2026-01-08T13:45:00+00:00,2026-01-08T14:00:00+00:00,-9.6,,,,,,,,,,,,,,
SOL,sol-updown-15m-1767888000,https://polymarket.com/event/sol-updown-15m-1767888000,Up,DOWN,20,0.48,2026-01-08T16:00:00+00:00,2026-01-08T16:15:00+00:00,-9.6,,,,,,,,,,,,,,
SOL,sol-updown-15m-1767896100,https://polymarket.com/event/sol-updown-15m-1767896100,Up,DOWN,30,0.48,2026-01-08T18:15:00+00:00,2026-01-08T18:30:00+00:00,-14.399.999.999.999.900,,,,,,,,,,,,,,
SOL,sol-updown-15m-1767900600,https://polymarket.com/event/sol-updown-15m-1767900600,Up,DOWN,30,0.47,2026-01-08T19:30:00+00:00,2026-01-08T19:45:00+00:00,-14.1,,,,,,,,,,,,,,
SOL,sol-updown-15m-1767923100,https://polymarket.com/event/sol-updown-15m-1767923100,Up,DOWN,30,0.48,2026-01-09T01:45:00+00:00,2026-01-09T02:00:00+00:00,-14.399.999.999.999.900,,,,,,,,,,,,,,
SOL,sol-updown-15m-1767929400,https://polymarket.com/event/sol-updown-15m-1767929400,Up,DOWN,30,0.48,2026-01-09T03:30:00+00:00,2026-01-09T03:45:00+00:00,-14.399.999.999.999.900,,,,,,,,,,,,,,
SOL,sol-updown-15m-1767937500,https://polymarket.com/event/sol-updown-15m-1767937500,Up,DOWN,30,0.48,2026-01-09T05:45:00+00:00,2026-01-09T06:00:00+00:00,-14.399.999.999.999.900,,,,,,,,,,,,,,
SOL,sol-updown-15m-1767968100,https://polymarket.com/event/sol-updown-15m-1767968100,Up,DOWN,30,4.799.999.999.999.990,2026-01-09T14:15:00+00:00,2026-01-09T14:30:00+00:00,-14.399.999.999.999.900,,,,,,,,,,,,,,
SOL,sol-updown-15m-1767977100,https://polymarket.com/event/sol-updown-15m-1767977100,Up,DOWN,30,4.799.999.999.999.990,2026-01-09T16:45:00+00:00,2026-01-09T17:00:00+00:00,-14.399.999.999.999.900,,,,,,,,,,,,,,
SOL,sol-updown-15m-1767983400,https://polymarket.com/event/sol-updown-15m-1767983400,Up,DOWN,30,0.48,2026-01-09T18:30:00+00:00,2026-01-09T18:45:00+00:00,-14.399.999.999.999.900,,,,,,,,,,,,,,
SOL,sol-updown-15m-1767984300,https://polymarket.com/event/sol-updown-15m-1767984300,Up,DOWN,30,48.000.001.203.377.200,2026-01-09T18:45:00+00:00,2026-01-09T19:00:00+00:00,-14.400.000.361.013.100,,,,,,,,,,,,,,
SOL,sol-updown-15m-1767989700,https://polymarket.com/event/sol-updown-15m-1767989700,Up,DOWN,30,0.48,2026-01-09T20:15:00+00:00,2026-01-09T20:30:00+00:00,-14.399.999.999.999.900,,,,,,,,,,,,,,
SOL,sol-updown-15m-1767992400,https://polymarket.com/event/sol-updown-15m-1767992400,Up,DOWN,30,0.48,2026-01-09T21:00:00+00:00,2026-01-09T21:15:00+00:00,-14.399.999.999.999.900,,,,,,,,,,,,,,
SOL,sol-updown-15m-1767993300,https://polymarket.com/event/sol-updown-15m-1767993300,Up,DOWN,30,4.799.999.999.999.990,2026-01-09T21:15:00+00:00,2026-01-09T21:30:00+00:00,-14.399.999.999.999.900,,,,,,,,,,,,,,
SOL,sol-updown-15m-1767998700,https://polymarket.com/event/sol-updown-15m-1767998700,Up,DOWN,30,4.799.999.999.999.990,2026-01-09T22:45:00+00:00,2026-01-09T23:00:00+00:00,-14.399.999.999.999.900,,,,,,,,,,,,,,
SOL,sol-updown-15m-1768004100,https://polymarket.com/event/sol-updown-15m-1768004100,Up,DOWN,30,48.000.000.000.000.000,2026-01-10T00:15:00+00:00,2026-01-10T00:30:00+00:00,-14.4,,,,,,,,,,,,,,
SOL,sol-updown-15m-1768013100,https://polymarket.com/event/sol-updown-15m-1768013100,Up,DOWN,35,48.000.000.000.000.000,2026-01-10T02:45:00+00:00,2026-01-10T03:00:00+00:00,-16.8,,,,,,,,,,,,,,
SOL,sol-updown-15m-1768018500,https://polymarket.com/event/sol-updown-15m-1768018500,Up,DOWN,35,48.000.000.000.000.000,2026-01-10T04:15:00+00:00,2026-01-10T04:30:00+00:00,-16.8,,,,,,,,,,,,,,
SOL,sol-updown-15m-1768021200,https://polymarket.com/event/sol-updown-15m-1768021200,Up,DOWN,35,4.800.000.102.884.270,2026-01-10T05:00:00+00:00,2026-01-10T05:15:00+00:00,-16.800.000.360.094.900,,,,,,,,,,,,,,
SOL,sol-updown-15m-1768026600,https://polymarket.com/event/sol-updown-15m-1768026600,Up,DOWN,35,4.800.000.068.588.010,2026-01-10T06:30:00+00:00,2026-01-10T06:45:00+00:00,-1.680.000.024.005.800,,,,,,,,,,,,,,
SOL,sol-updown-15m-1768034700,https://polymarket.com/event/sol-updown-15m-1768034700,Up,DOWN,35,48.000.000.571.453.700,2026-01-10T08:45:00+00:00,2026-01-10T09:00:00+00:00,-168.000.002.000.088,,,,,,,,,,,,,,
XRP,xrp-updown-15m-1767825000,https://polymarket.com/event/xrp-updown-15m-1767825000,Up,DOWN,10,0.48,2026-01-07T22:30:00+00:00,2026-01-07T22:45:00+00:00,-4.8,,,,,,,,,,,,,,
XRP,xrp-updown-15m-1767855600,https://polymarket.com/event/xrp-updown-15m-1767855600,Up,DOWN,10,0.48,2026-01-08T07:00:00+00:00,2026-01-08T07:15:00+00:00,-4.8,,,,,,,,,,,,,,
XRP,xrp-updown-15m-1767918600,https://polymarket.com/event/xrp-updown-15m-1767918600,Up,DOWN,30,0.48,2026-01-09T00:30:00+00:00,2026-01-09T00:45:00+00:00,-14.399.999.999.999.900,,,,,,,,,,,,,,
XRP,xrp-updown-15m-1767974400,https://polymarket.com/event/xrp-updown-15m-1767974400,Up,DOWN,30,4.799.999.999.999.990,2026-01-09T16:00:00+00:00,2026-01-09T16:15:00+00:00,-14.399.999.999.999.900,,,,,,,,,,,,,,
XRP,xrp-updown-15m-1767980700,https://polymarket.com/event/xrp-updown-15m-1767980700,Up,DOWN,30,4.799.999.999.999.990,2026-01-09T17:45:00+00:00,2026-01-09T18:00:00+00:00,-14.399.999.999.999.900,,,,,,,,,,,,,,
XRP,xrp-updown-15m-1768001400,https://polymarket.com/event/xrp-updown-15m-1768001400,Up,DOWN,30,4.799.999.999.999.990,2026-01-09T23:30:00+00:00,2026-01-09T23:45:00+00:00,-14.399.999.999.999.900,,,,,,,,,,,,,,
XRP,xrp-updown-15m-1768010400,https://polymarket.com/event/xrp-updown-15m-1768010400,Up,DOWN,35,4.800.000.091.434.600,2026-01-10T02:00:00+00:00,2026-01-10T02:15:00+00:00,-16.800.000.320.021.100,,,,,,,,,,,,,,
XRP,xrp-updown-15m-1768014900,https://polymarket.com/event/xrp-updown-15m-1768014900,Up,DOWN,35,48.000.000.000.000.000,2026-01-10T03:15:00+00:00,2026-01-10T03:30:00+00:00,-16.8,,,,,,,,,,,,,,
XRP,xrp-updown-15m-1768046400,https://polymarket.com/event/xrp-updown-15m-1768046400,Up,DOWN,35,48.000.000.342.932.500,2026-01-10T12:00:00+00:00,2026-01-10T12:15:00+00:00,-1.679.630.688,,,,,,,,,,,,,,
XRP,xrp-updown-15m-1767801600,https://polymarket.com/event/xrp-updown-15m-1767801600,Up,DOWN,10,0.48,2026-01-07T16:00:00+00:00,2026-01-07T16:15:00+00:00,-4.8,,,,,,,,,,,,,,
XRP,xrp-updown-15m-1767833100,https://polymarket.com/event/xrp-updown-15m-1767833100,Up,DOWN,10,0.48,2026-01-08T00:45:00+00:00,2026-01-08T01:00:00+00:00,-4.8,,,,,,,,,,,,,,
XRP,xrp-updown-15m-1767841200,https://polymarket.com/event/xrp-updown-15m-1767841200,Up,DOWN,10,0.48,2026-01-08T03:00:00+00:00,2026-01-08T03:15:00+00:00,-4.8,,,,,,,,,,,,,,
XRP,xrp-updown-15m-1767862800,https://polymarket.com/event/xrp-updown-15m-1767862800,Up,DOWN,10,0.48,2026-01-08T09:00:00+00:00,2026-01-08T09:15:00+00:00,-4.8,,,,,,,,,,,,,,
XRP,xrp-updown-15m-1767870900,https://polymarket.com/event/xrp-updown-15m-1767870900,Up,DOWN,10,0.48,2026-01-08T11:15:00+00:00,2026-01-08T11:30:00+00:00,-4.8,,,,,,,,,,,,,,
XRP,xrp-updown-15m-1767893400,https://polymarket.com/event/xrp-updown-15m-1767893400,Up,DOWN,20,0.48,2026-01-08T17:30:00+00:00,2026-01-08T17:45:00+00:00,-9.6,,,,,,,,,,,,,,
XRP,xrp-updown-15m-1767904200,https://polymarket.com/event/xrp-updown-15m-1767904200,Up,DOWN,30,0.48,2026-01-08T20:30:00+00:00,2026-01-08T20:45:00+00:00,-14.399.999.999.999.900,,,,,,,,,,,,,,
XRP,xrp-updown-15m-1767912300,https://polymarket.com/event/xrp-updown-15m-1767912300,Up,DOWN,30,0.48,2026-01-08T22:45:00+00:00,2026-01-08T23:00:00+00:00,-14.399.999.999.999.900,,,,,,,,,,,,,,
XRP,xrp-updown-15m-1767934800,https://polymarket.com/event/xrp-updown-15m-1767934800,Up,DOWN,30,0.48,2026-01-09T05:00:00+00:00,2026-01-09T05:15:00+00:00,-14.399.999.999.999.900,,,,,,,,,,,,,,
XRP,xrp-updown-15m-1767957300,https://polymarket.com/event/xrp-updown-15m-1767957300,Up,DOWN,30,4.799.999.999.999.990,2026-01-09T11:15:00+00:00,2026-01-09T11:30:00+00:00,-14.399.999.999.999.900,,,,,,,,,,,,,,
XRP,xrp-updown-15m-1768007700,https://polymarket.com/event/xrp-updown-15m-1768007700,Up,DOWN,35,48.000.000.000.000.000,2026-01-10T01:15:00+00:00,2026-01-10T01:30:00+00:00,-16.8,,,,,,,,,,,,,,
XRP,xrp-updown-15m-1768038300,https://polymarket.com/event/xrp-updown-15m-1768038300,Up,DOWN,35,4.799.999.999.999.990,2026-01-10T09:45:00+00:00,2026-01-10T10:00:00+00:00,-16.799.999.999.999.900,,,,,,,,,,,,,,
XRP,xrp-updown-15m-1767832200,https://polymarket.com/event/xrp-updown-15m-1767832200,Up,DOWN,10,0.48,2026-01-08T00:30:00+00:00,2026-01-08T00:45:00+00:00,-4.8,,,,,,,,,,,,,,
XRP,xrp-updown-15m-1767853800,https://polymarket.com/event/xrp-updown-15m-1767853800,Up,DOWN,10,0.48,2026-01-08T06:30:00+00:00,2026-01-08T06:45:00+00:00,-4.8,,,,,,,,,,,,,,
XRP,xrp-updown-15m-1767877200,https://polymarket.com/event/xrp-updown-15m-1767877200,Up,DOWN,20,0.48,2026-01-08T13:00:00+00:00,2026-01-08T13:15:00+00:00,-9.6,,,,,,,,,,,,,,
XRP,xrp-updown-15m-1767936600,https://polymarket.com/event/xrp-updown-15m-1767936600,Up,DOWN,30,0.48,2026-01-09T05:30:00+00:00,2026-01-09T05:45:00+00:00,-14.399.999.999.999.900,,,,,,,,,,,,,,
XRP,xrp-updown-15m-1767940200,https://polymarket.com/event/xrp-updown-15m-1767940200,Up,DOWN,30,0.48,2026-01-09T06:30:00+00:00,2026-01-09T06:45:00+00:00,-14.399.999.999.999.900,,,,,,,,,,,,,,
XRP,xrp-updown-15m-1767954600,https://polymarket.com/event/xrp-updown-15m-1767954600,Up,DOWN,30,48.000.000.000.000.000,2026-01-09T10:30:00+00:00,2026-01-09T10:45:00+00:00,-14.4,,,,,,,,,,,,,,
XRP,xrp-updown-15m-1767965400,https://polymarket.com/event/xrp-updown-15m-1767965400,Up,DOWN,30,4.800.000.133.338.460,2026-01-09T13:30:00+00:00,2026-01-09T13:45:00+00:00,-144.000.004.000.154,,,,,,,,,,,,,,
XRP,xrp-updown-15m-1768037400,https://polymarket.com/event/xrp-updown-15m-1768037400,Up,DOWN,35,0.48,2026-01-10T09:30:00+00:00,2026-01-10T09:45:00+00:00,-16.8,,,,,,,,,,,,,,
XRP,xrp-updown-15m-1768041000,https://polymarket.com/event/xrp-updown-15m-1768041000,Up,DOWN,35,48.000.000.000.000.000,2026-01-10T10:30:00+00:00,2026-01-10T10:45:00+00:00,-16.8,,,,,,,,,,,,,,
XRP,xrp-updown-15m-1768041900,https://polymarket.com/event/xrp-updown-15m-1768041900,Up,DOWN,35,48.000.000.000.000.000,2026-01-10T10:45:00+00:00,2026-01-10T11:00:00+00:00,-16.8,,,,,,,,,,,,,,
XRP,xrp-updown-15m-1767814200,https://polymarket.com/event/xrp-updown-15m-1767814200,Up,DOWN,10,0.48,2026-01-07T19:30:00+00:00,2026-01-07T19:45:00+00:00,-4.8,,,,,,,,,,,,,,
XRP,xrp-updown-15m-1767867300,https://polymarket.com/event/xrp-updown-15m-1767867300,Up,DOWN,10,0.48,2026-01-08T10:15:00+00:00,2026-01-08T10:30:00+00:00,-4.8,,,,,,,,,,,,,,
XRP,xrp-updown-15m-1767884400,https://polymarket.com/event/xrp-updown-15m-1767884400,Up,DOWN,20,0.48,2026-01-08T15:00:00+00:00,2026-01-08T15:15:00+00:00,-9.6,,,,,,,,,,,,,,
XRP,xrp-updown-15m-1767888000,https://polymarket.com/event/xrp-updown-15m-1767888000,Up,DOWN,20,0.48,2026-01-08T16:00:00+00:00,2026-01-08T16:15:00+00:00,-9.6,,,,,,,,,,,,,,
XRP,xrp-updown-15m-1767898800,https://polymarket.com/event/xrp-updown-15m-1767898800,Up,DOWN,30,0.48,2026-01-08T19:00:00+00:00,2026-01-08T19:15:00+00:00,-14.399.999.999.999.900,,,,,,,,,,,,,,
XRP,xrp-updown-15m-1767905100,https://polymarket.com/event/xrp-updown-15m-1767905100,Up,DOWN,30,0.48,2026-01-08T20:45:00+00:00,2026-01-08T21:00:00+00:00,-14.399.999.999.999.900,,,,,,,,,,,,,,
XRP,xrp-updown-15m-1767929400,https://polymarket.com/event/xrp-updown-15m-1767929400,Up,DOWN,30,0.48,2026-01-09T03:30:00+00:00,2026-01-09T03:45:00+00:00,-14.399.999.999.999.900,,,,,,,,,,,,,,
XRP,xrp-updown-15m-1767930300,https://polymarket.com/event/xrp-updown-15m-1767930300,Up,DOWN,30,0.48,2026-01-09T03:45:00+00:00,2026-01-09T04:00:00+00:00,-14.399.999.999.999.900,,,,,,,,,,,,,,
XRP,xrp-updown-15m-1767939300,https://polymarket.com/event/xrp-updown-15m-1767939300,Up,DOWN,30,0.48,2026-01-09T06:15:00+00:00,2026-01-09T06:30:00+00:00,-14.399.999.999.999.900,,,,,,,,,,,,,,
XRP,xrp-updown-15m-1767964500,https://polymarket.com/event/xrp-updown-15m-1767964500,Up,DOWN,30,4.799.999.999.999.990,2026-01-09T13:15:00+00:00,2026-01-09T13:30:00+00:00,-14.399.999.999.999.900,,,,,,,,,,,,,,
XRP,xrp-updown-15m-1767989700,https://polymarket.com/event/xrp-updown-15m-1767989700,Up,DOWN,30,4.799.999.999.999.990,2026-01-09T20:15:00+00:00,2026-01-09T20:30:00+00:00,-14.399.999.999.999.900,,,,,,,,,,,,,,
XRP,xrp-updown-15m-1767996900,https://polymarket.com/event/xrp-updown-15m-1767996900,Up,DOWN,30,4.799.999.999.999.990,2026-01-09T22:15:00+00:00,2026-01-09T22:30:00+00:00,-14.399.999.999.999.900,,,,,,,,,,,,,,
XRP,xrp-updown-15m-1768019400,https://polymarket.com/event/xrp-updown-15m-1768019400,Up,DOWN,35,48.000.000.000.000.000,2026-01-10T04:30:00+00:00,2026-01-10T04:45:00+00:00,-16.8,,,,,,,,,,,,,,
XRP,xrp-updown-15m-1768005900,https://polymarket.com/event/xrp-updown-15m-1768005900,Up,DOWN,34,0.48,2026-01-10T00:45:00+00:00,2026-01-10T01:00:00+00:00,-16.32,,,,,,,,,,,,,,
XRP,xrp-updown-15m-1767908700,https://polymarket.com/event/xrp-updown-15m-1767908700,Up,DOWN,30,0.48,2026-01-08T21:45:00+00:00,2026-01-08T22:00:00+00:00,-14.399.999.999.999.900,,,,,,,,,,,,,,
XRP,xrp-updown-15m-1767962700,https://polymarket.com/event/xrp-updown-15m-1767962700,Up,DOWN,30,4.799.999.999.999.990,2026-01-09T12:45:00+00:00,2026-01-09T13:00:00+00:00,-14.399.999.999.999.900,,,,,,,,,,,,,,
XRP,xrp-updown-15m-1767806100,https://polymarket.com/event/xrp-updown-15m-1767806100,Up,DOWN,10,0.48,2026-01-07T17:15:00+00:00,2026-01-07T17:30:00+00:00,-4.8,,,,,,,,,,,,,,
XRP,xrp-updown-15m-1767827700,https://polymarket.com/event/xrp-updown-15m-1767827700,Up,DOWN,10,0.48,2026-01-07T23:15:00+00:00,2026-01-07T23:30:00+00:00,-4.8,,,,,,,,,,,,,,
XRP,xrp-updown-15m-1767834900,https://polymarket.com/event/xrp-updown-15m-1767834900,Up,DOWN,10,0.48,2026-01-08T01:15:00+00:00,2026-01-08T01:30:00+00:00,-4.8,,,,,,,,,,,,,,
XRP,xrp-updown-15m-1767835800,https://polymarket.com/event/xrp-updown-15m-1767835800,Up,DOWN,10,0.48,2026-01-08T01:30:00+00:00,2026-01-08T01:45:00+00:00,-4.8,,,,,,,,,,,,,,
XRP,xrp-updown-15m-1767858300,https://polymarket.com/event/xrp-updown-15m-1767858300,Up,DOWN,10,0.48,2026-01-08T07:45:00+00:00,2026-01-08T08:00:00+00:00,-4.8,,,,,,,,,,,,,,
XRP,xrp-updown-15m-1767888900,https://polymarket.com/event/xrp-updown-15m-1767888900,Up,DOWN,20,0.48,2026-01-08T16:15:00+00:00,2026-01-08T16:30:00+00:00,-9.6,,,,,,,,,,,,,,
XRP,xrp-updown-15m-1767900600,https://polymarket.com/event/xrp-updown-15m-1767900600,Up,DOWN,30,0.48,2026-01-08T19:30:00+00:00,2026-01-08T19:45:00+00:00,-14.399.999.999.999.900,,,,,,,,,,,,,,
XRP,xrp-updown-15m-1767907800,https://polymarket.com/event/xrp-updown-15m-1767907800,Up,DOWN,30,0.48,2026-01-08T21:30:00+00:00,2026-01-08T21:45:00+00:00,-14.399.999.999.999.900,,,,,,,,,,,,,,
XRP,xrp-updown-15m-1767937500,https://polymarket.com/event/xrp-updown-15m-1767937500,Up,DOWN,30,0.48,2026-01-09T05:45:00+00:00,2026-01-09T06:00:00+00:00,-14.399.999.999.999.900,,,,,,,,,,,,,,
XRP,xrp-updown-15m-1767953700,https://polymarket.com/event/xrp-updown-15m-1767953700,Up,DOWN,30,0.49,2026-01-09T10:15:00+00:00,2026-01-09T10:30:00+00:00,-14.7,,,,,,,,,,,,,,
XRP,xrp-updown-15m-1767968100,https://polymarket.com/event/xrp-updown-15m-1767968100,Up,DOWN,30,4.799.999.999.999.990,2026-01-09T14:15:00+00:00,2026-01-09T14:30:00+00:00,-14.399.999.999.999.900,,,,,,,,,,,,,,
XRP,xrp-updown-15m-1767976200,https://polymarket.com/event/xrp-updown-15m-1767976200,Up,DOWN,30,4.799.999.999.999.990,2026-01-09T16:30:00+00:00,2026-01-09T16:45:00+00:00,-14.399.999.999.999.900,,,,,,,,,,,,,,
XRP,xrp-updown-15m-1767977100,https://polymarket.com/event/xrp-updown-15m-1767977100,Up,DOWN,30,4.799.999.999.999.990,2026-01-09T16:45:00+00:00,2026-01-09T17:00:00+00:00,-14.399.999.999.999.900,,,,,,,,,,,,,,
XRP,xrp-updown-15m-1767986100,https://polymarket.com/event/xrp-updown-15m-1767986100,Up,DOWN,30,4.799.999.999.999.990,2026-01-09T19:15:00+00:00,2026-01-09T19:30:00+00:00,-14.399.999.999.999.900,,,,,,,,,,,,,,
XRP,xrp-updown-15m-1767998700,https://polymarket.com/event/xrp-updown-15m-1767998700,Up,DOWN,30,4.799.999.999.999.990,2026-01-09T22:45:00+00:00,2026-01-09T23:00:00+00:00,-14.399.999.999.999.900,,,,,,,,,,,,,,
XRP,xrp-updown-15m-1768013100,https://polymarket.com/event/xrp-updown-15m-1768013100,Up,DOWN,35,48.000.000.000.000.000,2026-01-10T02:45:00+00:00,2026-01-10T03:00:00+00:00,-16.8,,,,,,,,,,,,,,
XRP,xrp-updown-15m-1768018500,https://polymarket.com/event/xrp-updown-15m-1768018500,Up,DOWN,35,48.000.000.000.000.000,2026-01-10T04:15:00+00:00,2026-01-10T04:30:00+00:00,-16.8,,,,,,,,,,,,,,
XRP,xrp-updown-15m-1768021200,https://polymarket.com/event/xrp-updown-15m-1768021200,Up,DOWN,35,4.800.000.080.012.310,2026-01-10T05:00:00+00:00,2026-01-10T05:15:00+00:00,-16.800.000.280.043.000,,,,,,,,,,,,,,
XRP,xrp-updown-15m-1768026600,https://polymarket.com/event/xrp-updown-15m-1768026600,Up,DOWN,35,4.799.999.999.999.990,2026-01-10T06:30:00+00:00,2026-01-10T06:45:00+00:00,-16.799.999.999.999.900,,,,,,,,,,,,,,
XRP,xrp-updown-15m-1768027500,https://polymarket.com/event/xrp-updown-15m-1768027500,Up,DOWN,35,47.999.999.999.999.900,2026-01-10T06:45:00+00:00,2026-01-10T07:00:00+00:00,-16.799.999.999.999.900,,,,,,,,,,,,,,
XRP,xrp-updown-15m-1768043700,https://polymarket.com/event/xrp-updown-15m-1768043700,Up,DOWN,35,4.800.000.125.743.300,2026-01-10T11:15:00+00:00,2026-01-10T11:30:00+00:00,-1.679.612.256,,,,,,,,,,,,,,